Assigned name,Compound_Name_GNPS,SpecMZ,Use,Type,Class,Ref,,,,,,,,,,,
"""(1S,2S,6R,7R,9R)-6-methyl-10,12-dioxatricyclo[7.2.1.0<2,7>]dodec-4-en-8-one CollisionEnergy:102040""","""(1S,2S,6R,7R,9R)-6-methyl-10,12-dioxatricyclo[7.2.1.0<2,7>]dodec-4-en-8-one CollisionEnergy:102040""",195.102,,unknown,,,,,,,,,,,,,
,"""(2E)-3-(2,4-dimethylphenyl)-1-phenylprop-2-en-1-one CollisionEnergy:102040""",,,unknown,,,,,,,,,,,,,
"10,11-dihydroxycarbamazepine","""0465_10,11-Dihydro-10,11-dihydroxycarbamazepine""",271.108,drug metabolite,drug,azepine,,,,,,,,,,,,
pentoxyfylline metabolite M5,"""1-(3-carboxypropyl)-3,7-dimethylxanthine""",267.109,"metabolite of pentoxyfylline, blood thinner",drug,xanthine,,,,,,,,,,,,
"1,3-di-o-tolylguanidine","""1,3-Di-o-tolylguanidine""",,rubber component,urban,guanidino,,,,,,,,,,,,
"2-ethyl-1,3-hexanediol","""2-ETHYL-1,3-HEXANEDIOL""",,"insect repellent, plasticizer etc.",urban,alcohol,,,,,,,,,,,,
,"""2-Hydroxy-4,6-dimethoxyacetophenone""",,,NP,,,,,,,,,,,,,
,"""8-bromo-7-[(2-chlorophenyl)methyl]-1,3-dimethyl-1,3,7-trihydropurine-2,6-dione CollisionEnergy:102040""",,,unknown,,,,,,,,,,,,,
"""methyl 3-oxo-2-[(3,4,5-trimethoxyphenyl)methylene]benzo[b]furan-5-carboxylate CollisionEnergy:205060""","""methyl 3-oxo-2-[(3,4,5-trimethoxyphenyl)methylene]benzo[b]furan-5-carboxylate CollisionEnergy:205060""",208.039,,unknown,,,,,,,,,,,,,
,"""N-[(2s)-5-(6-Fluoro-3-Pyridinyl)-2,3-Dihydro-1h-Inden-2-Yl]-2-Propanesulfonamide""",,,unknown,,,,,,,,,,,,,
,(-)-Caryophyllene oxide,,,NP,,,,,,,,,,,,,
(.+/-.)-11-Hydroxy-.DELTA.9-tetrahydrocannabinol,(.+/-.)-11-Hydroxy-.DELTA.9-tetrahydrocannabinol,331.23,,NP,,,,,,,,,,,,,
(.+/-.)7-epi-Jasmonic acid,(.+/-.)7-epi-Jasmonic acid,193.131,,NP,,,,,,,,,,,,,
"(12Z,15Z)-9,10,11-Trihydroxyoctadeca-12,15-dienoic acid","(12Z,15Z)-9,10,11-Trihydroxyoctadeca-12,15-dienoic acid",275.201,,unknown,,,,,,,,,,,,,
"(1S,2S,8aR)-1-[(Z)-5-Hydroxy-3-methylpent-3-enyl]-2,5,5,8a-tetramethyl-3,4,4a,6,7,8-hexahydro-1H-naphthalen-2-ol","(1S,2S,8aR)-1-[(Z)-5-Hydroxy-3-methylpent-3-enyl]-2,5,5,8a-tetramethyl-3,4,4a,6,7,8-hexahydro-1H-naphthalen-2-ol",177.164,,unknown,,,,,,,,,,,,,
(2-chlorophenyl)(diphenyl)methanol,(2-Chlorophenyl)(diphenyl)methanol,277.078,metabolite of antifungal drug clotrimazole,drug,chlorophenyl,,,,,,,,,,,,
citronellol,"(2E)-3,4,7-Trimethylocta-2,6-dien-1-ol",,"fragrance, flavorant, insect repellent",NP,,,,,,,,,,,,,
,(2E)-4-Hydroxynon-2-enoic acid,,,NP,,,,,,,,,,,,,
"n-(3-ethoxypropyl)-2,4-dihydroxy-3,3-dimethylbutanamide","(2R)-N-(3-Ethoxypropyl)-2,4-dihydroxy-3,3-dimethylbutanamide",234.17,used in cosmetics,urban,surfactant,,,,,,,,,,,,
"hexahydro-2-benzofuran-1,3-dione","(3aR,7aS)-Hexahydro-2-benzofuran-1,3-dione",,plastics,urban,benzofurane,,,,,,,,,,,,
,"(3E)-4-(2,4,6-Trimethyl-3-cyclohexen-1-yl)-3-buten-2-one",,,unknown,,,,,,,,,,,,,
,(3-hydroxyhexadecanoyl)lysine,,,NP,,,,,,,,,,,,,
,(3-hydroxytetradecanoyl)lysine,,,NP,,,,,,,,,,,,,
Senkyunolide H,"(3Z)-3-Butylidene-6,7-dihydroxy-4,5,6,7-tetrahydro-2-benzofuran-1-one",207.102,,NP,,,,,,,,,,,,,
"(5E,7E)-3-Acetamidoundeca-5,7-dienoic acid","(5E,7E)-3-Acetamidoundeca-5,7-dienoic acid",163.112,,unknown,,,,,,,,,,,,,
,"(5E,9E)-Farnesylacetone",,,NP,,,,,,,,,,,,,
,"(5S)-1,2,3,4,5,6,7,8,9,10-Decahydro-5,9-methanobenzo[8]annulen-11-one",,,unknown,,,,,,,,,,,,,
,"(9Z,12Z)-15-Hydroxyoctadeca-9,12-dienoic acid",,,NP,,,,,,,,,,,,,
"(E)-1-(3,4-Dihydroxy-2,6-dimethoxyphenyl)-3-phenylprop-2-en-1-one","(E)-1-(3,4-Dihydroxy-2,6-dimethoxyphenyl)-3-phenylprop-2-en-1-one",301.107,,unknown,,,,,,,,,,,,,
"(E)-3,10-Dihydroxy-4,9-dimethyldodec-6-enedioic acid","(E)-3,10-Dihydroxy-4,9-dimethyldodec-6-enedioic acid",311.149,,unknown,,,,,,,,,,,,,
,"(E)-5-((1S,4R)-3,3-Dimethylbicyclo[2.2.1]heptan-2-yl)pent-3-en-2-one",,,unknown,,,,,,,,,,,,,
,(R)-3-Hydroxybutanoic acid,,,NP,,,,,,,,,,,,,
dibutyl 3-hydroxybutyl phosphate,(S)-Dibutyl 3-hydroxybutyl phosphate,,flame retaradant,urban,organophosphate,,,,,,,,,,,,
hydroxymetoprolol,.alpha.-Hydroxymetoprolol,,,drug,phenol,,,,,,,,,,,,
,.alpha.-Hyodeoxycholic acid methyl ester,,,NP,,,,,,,,,,,,,
,.alpha.-Pinene oxide,,,NP,,,,,,,,,,,,,
,.delta.-Dodecalactone,,,NP,,,,,,,,,,,,,
,.gamma.-Dodecalactone,,,NP,,,,,,,,,,,,,
,.omega.-3 Arachidonic acid,,,NP,,,,,,,,,,,,,
actarit,[4-(Acetylamino)phenyl]acetic acid,194.081,anitrheumatic,drug,aminophenol,,,,,,,,,,,,
"[6,10a-Dihydroxy-4-(hydroxymethyl)-4,7,11b-trimethyl-9-oxo-1,2,3,4a,5,6,6a,7,11,11a-decahydronaphtho[2,1-f][1]benzofuran-5-yl] acetate","[6,10a-Dihydroxy-4-(hydroxymethyl)-4,7,11b-trimethyl-9-oxo-1,2,3,4a,5,6,6a,7,11,11a-decahydronaphtho[2,1-f][1]benzofuran-5-yl] acetate",331.19,,unknown,,,,,,,,,,,,,
omeprazole sulfide 5-carboxylic acid,[putative] omeprazole sulfide 5-carboxylic acid,,metabolite of omeprazole,drug,pyridine,,,,,,,,,,,,
triethyl citrate,0055_Triethylcitrate,277.128,plasticizer,urban,citrate,,,,,,,,,,,,
2-mercaptobenzothiazole,0072_2-Mercaptobenzothiazole,167.994,rubber,urban,benzothiazole,,,,,,,,,,,,
sulfamethazine,0358_Sulfamethazine,,antibiotic,drug,sulfonamide,,,,,,,,,,,,
amitriptyline,0534_Amitriptyline,,antidepressant,drug,benzocycloheptene,,,,,,,,,,,,
triethylphosphate,0821_triethylphosphate,183.078,flame retardant,urban,organophosphate,,,,,,,,,,,,
bis(2-ethylhexyl)phosphate,0827_Bis(2-ethylhexyl)phosphate,323.235,flame retardant,urban,organophosphate,,,,,,,,,,,,
Iso E Super,"1-(2,3,8,8-Tetramethyl-1,2,3,4,5,6,7,8-octahydro-2-naphthalenyl)ethanone",235.205,"fragrance, NP?",urban,naphthalene,,,,,,,,,,,,
"1-(2-Hydroxy-4,5-dimethylphenyl)ethanone","1-(2-Hydroxy-4,5-dimethylphenyl)ethanone",165.091,,NP,,,,,,,,,,,,,
"1-(2-Hydroxypropan-2-yl)-3a-methyl-6,10-dimethylidenetetradecahydrocyclopenta[11]annulene-5,9-diol","1-(2-Hydroxypropan-2-yl)-3a-methyl-6,10-dimethylidenetetradecahydrocyclopenta[11]annulene-5,9-diol",213.164,,unknown,,,,,,,,,,,,,
,"1-(4-Bromo-3,5-dimethyl-1H-pyrazol-1-yl)propan-2-one",176.984,,unknown,,,,,,,,,,,,,
propylene glycol dibenzoate,1-(Benzoyloxy)propan-2-yl benzoate,163.075,plasticizer,urban,glycol,,,,,,,,,,,,
"1,3-bis(4-methylphenyl)urea","1,3-Bis(4-methylphenyl)urea",,polymers and resins,urban,guanidino,,,,,,,,,,,,
"1,3-dicyclohexylurea","1,3-Dicyclohexylurea",449.385,rubber component,urban,guanidino,,,,,,,,,,,,
"1,3-di-o-tolylguanidine","1,3-Di-o-tolylguanidine",240.15,rubber and corrosion inhibitor,urban,guanidino,,,,,,,,,,,,
hannokinol,"1,7-Bis(4-hydroxyphenyl)heptane-3,5-diol",299.164,,NP,,,,,,,,,,,,,
DBU,"1,8-Diazabicyclo[5.4.0]undec-7-ene",153.139,plastics and resins,urban,alkaloid,,,,,,,,,,,,
"1-[(2-hydroxyethyl)amino]anthra-9,10-quinone","1-[(2-Hydroxyethyl)amino]anthra-9,10-quinone",232.076,used in dyes and other productions,urban,anthraquinone,,,,,,,,,,,,
1-[(Benzyloxy)carbonyl]-2-piperidinecarboxylic acid,1-[(Benzyloxy)carbonyl]-2-piperidinecarboxylic acid,154.05,research chemical,unknown,,,,,,,,,,,,,
edetol,102-60-3,293.244,foam coating adhesive,urban,polyol,,,,,,,,,,,,
,113777-33-6,,,,,,,,,,,,,,,,
,12(S)-Hydroxy-16-heptadecynoic acid,,,NP,,,,,,,,,,,,,
,127913-03-5,165.128,,unknown,,,,,,,,,,,,,
,13-Hydroxy-7-oxoabiet-8(14)-en-18-oic acid,,,NP,,,,,,,,,,,,,
,"13-Keto-9Z,11E-octadecadienoic acid",,,NP,,,,,,,,,,,,,
,146422-58-4,,,,,,,,,,,,,,,,
15(s)-fluprostenol isopropyl ester,15(S)-Fluprostenol isopropyl ester,243.138,glaucoma drug,drug,fluorinated,,,,,,,,,,,,
,15.alpha.-Hydroxyculmorin,,,NP,,,,,,,,,,,,,
,15356-74-8,181.122,,unknown,,,,,,,,,,,,,
,"15-Hydroxy-7-oxoabieta-8,11,13-trien-18-oic acid",,,NP,,,,,,,,,,,,,
,16-Hydroxyhexadecanoic acid,,,NP,,,,,,,,,,,,,
,"17,20,21-Trihydroxypregn-1-ene-3,11-dione",,,NP,,,,,,,,,,,,,
,17.beta.-Carboxy-17.alpha.-formyloxydexamethasone,,,,,,,,,,,,,,,,
,17-Octadecynoic acid,,,NP,,,,,,,,,,,,,
,1977-33-9,,,,,,,,,,,,,,,,
,1-amino-5-methyl-2-(propan-2-yl)cyclohexane-1-carboxylic acid,200.165,,unknown,,,,,,,,,,,,,
,1-Chloro-3-(triphenylphosphoranylidene)acetone,,chemical reagent,unknown,,,,,,,,,,,,,
,1-Decanoyl-2-hydroxy-sn-glycero-3-phosphocholine,,,NP,,,,,,,,,,,,,
,"1H-Inden-2-amine, 2,3-dihydro-5-methoxy-6-methyl-",,,unknown,,,,,,,,,,,,,
,"1-methyl-2-oxo-1,2-dihydropyridine-4-carboxylic acid",154.05,,unknown,,,,,,,,,,,,,
,1-Myristoyl-2-hydroxy-sn-glycero-3-phosphoethanolamine,,,NP,,,,,,,,,,,,,
,"1-O-((2E,4E)-9-Carboxy-8-hydroxy-2,7-dimethylnona-2,4-dienoyl)-.beta.-D-glucopyranose",,,unknown,,,,,,,,,,,,,
,1-Palmitoyl-2-hydroxy-sn-glycero-3-phospho-(1'-rac-glycerol),,,NP,,,,,,,,,,,,,
2-(2-butoxyethoxy)acetic acid,2-(2-Butoxyethoxy)acetic acid,177.112,plastics,urban,glycol,,,,,,,,,,,,
,2-(2-oxoazepan-3-yl)acetic acid (Chimeric precursor selection),172.097,,unknown,,,,,,,,,,,,,
,"2-(3',3'-Dimethyl-6-nitrospiro[chromene-2,2'-indoline]-1'-yl)ethanol",,,unknown,,,,,,,,,,,,,
,"2-(3-chloropyridin-2-yl)-1,3-thiazole-4-carboxylic acid",240.987,,unknown,,,,,,,,,,,,,
,2-(4-Morpholinyl)benzothiazole,,,unknown,,,,,,,,,,,,,
,2-(4-Quinazolinylamino)ethanol,190.098,,unknown,,,,,,,,,,,,,
,2-(Benzothiazol-2-ylsulfanyl)cyclohexanone,264.051,"a mercaptobenzothiazole, could have to do with rubber",unknown,,,,,,,,,,,,,
"2,2,4-trimethyl-1,3-pentanediol diisobutyrate","2,2,4-Trimethyl-1,3-pentanediol diisobutyrate",,palsticizer,urban,diisobutyrate,,,,,,,,,,,,
"2,2'-dihydroxy-4,4'-dimethoxybenzophenone","2,2'-Dihydroxy-4,4'-dimethoxybenzophenone",,UV absorber in plastics,urban,benzophenone,,,,,,,,,,,,
,"2,3-Di(2-furyl)quinoxaline",235.087,research chemical,unknown,,,,,,,,,,,,,
"2,4,7,9-tetramethyl-5-decyne-4,7-diol","2,4,7,9-Tetramethyl-5-decyne-4,7-diol",,surfactant,urban,surfactant,,,,,,,,,,,,
"2,4-dihydroxybenzophenone","2,4-Dihydroxybenzophenone",,UV stabilizer,urban,benzophenone,,,,,,,,,,,,
"2,4-di-tert-butyl-6-[(dimethylamino)methyl]phenol","2,4-Di-tert-butyl-6-[(dimethylamino)methyl]phenol",264.232,plastics,urban,cresol,,,,,,,,,,,,
Kalecide,"2,4-Dodecadienoic acid isobutylamide",196.169,,NP,,,,,,,,,,,,,
"2,6-di-tert-butyl-4-(4-morpholinylmethyl)phenol","2,6-Di-tert-butyl-4-(4-morpholinylmethyl)phenol",,UV stabilizer and antioxidant,urban,cresol,,,,,,,,,,,,
,2-[(Dibenzylamino)carbonyl]benzoic acid,,,unknown,,,,,,,,,,,,,
tripropylene glycol diacrylate,2-{2-[2-(Acryloyloxy)-1-methylethoxy]-1-methylethoxy}-1-methylethyl acrylate,,inks and coatings,urban,acrylate,,,,,,,,,,,,
,21345_1,371.228,,unknown,,,,,,,,,,,,,
,2349_Tetrahydro_Beta_carboline_carboxylic_acid,,,NP,,,,,,,,,,,,,
flumequine,2351_Flumequine,,antibiotics,drug,fluorinated,,,,,,,,,,,,
,25818-88-6,219.076,,unknown,,,,,,,,,,,,,
2-hydroxybenzothiazole,2589_2-hydroxybenzothiazole,152.017,tirewear product,urban,benzothiazole,,,,,,,,,,,,
,2-Acetamido-2-Deoxy-D-Mannopyranose,186.076,,NP,,,,,,,,,,,,,
"1,9-Dimethylguanine","2-amino-1,9-dimethyl-6,9-dihydro-1H-purin-6-one",180.088,,unknown,,,,,,,,,,,,,
,2-amino-2-(3-methylcyclohexyl)acetic Acid,172.133,,unknown,,,,,,,,,,,,,
"2,4,6-Trimethyl-DL-phenylalanine","2-Amino-3-(2,4,6-trimethylphenyl)propanoic acid",191.107,,unknown,,,,,,,,,,,,,
,2-Benzoylbenzoic acid,,,unknown,,,,,,,,,,,,,
irgacure 369,2-Benzyl-2-dimethylamino-1-(4-morpholinophenyl)-1-butanone,367.238,photoinitiator in inks coatings and adhesives,urban,benzenoid,,,,,,,,,,,,
,"2-Butene-1,4-diol, 2-[2-[(1R,2R,8aR)-decahydro-1-hydroxy-2,5,5,8a-tetramethyl-1-naphthalenyl]ethyl]-",,,unknown,,,,,,,,,,,,,
"2-cyclohexyl-1h-isoindole-1,3(2h)-dione","2-Cyclohexyl-1H-isoindole-1,3(2H)-dione",230.118,plastics,urban,isoindole,,,,,,,,,,,,
octabenzone,2-Hydroxy-4-(octyloxyl)benzophenone,327.201,uv adsorbent,urban,benzophenone,,,,,,,,,,,,
"2-methoxy-1,4-naphthoquinone","2-methoxy-1,4-naphthoquinone",189.055,,NP,,,,,,,,,,,,,
2-methoxybenzoic acid,2-Methoxybenzoic acid,,flavoring agent,urban,benzoate,,,,,,,,,,,,
,2-Methyl-4'-(methylthio)-2-morpholinopropiophenone,280.137,,unknown,,,,,,,,,,,,,
,"2-Methylnaphtho[2,1-d][1,3]oxazole",,,,,,,,,,,,,,,,
,"2-Naphthaleneacetic acid, decahydro-1-hydroxy-4a-methyl-.alpha.,8-bis(methylene)-, [1S-(1.alpha.,2.beta.,4a.beta.,8a.alpha.)]-",273.149,,unknown,,,,,,,,,,,,,
,2-Octenoylcarnitine,,,NP,,,,,,,,,,,,,
,2-oxindole-3-acetic acid CollisionEnergy:102040,,,NP,,,,,,,,,,,,,
,"2-Oxiraneoctanoic acid, .eta.-hydroxy-3-octyl-",,,unknown,,,,,,,,,,,,,
,2-phenylpyrrolidine-3-carboxylic acid,192.102,,unknown,,,,,,,,,,,,,
,3-(2-aminocyclohexyl)propanoic acid,154.123,,unknown,,,,,,,,,,,,,
,3-(2-aminoethyl)-1H-indol-5-ol_(E)-but-2-enoic acid,,,unknown,,,,,,,,,,,,,
,"3-(Acetyloxy)lanosta-8,24-dien-21-oic acid",,,unknown,,,,,,,,,,,,,
,3-(Diphenylphosphoryl)propanoic acid,,,,,,,,,,,,,,,,
,"3-(Hepta-1,3-dienyl)hexanedioic acid",,,unknown,,,,,,,,,,,,,
"3,4-dichloroaniline","3,4-Dichloroaniline",,dye,urban,aniline,,,,,,,,,,,,
,"3,4'-Dimethoxy-5,7,3'-trihydroxyflavone",,,NP,,,,,,,,,,,,,
"3,4-Dimethylbenzoic acid","3,4-Dimethylbenzoic acid",151.076,research chemical,unknown,,,,,,,,,,,,,
,"3,5,6,7,8,3',4'-Heptamethoxyflavone",,,NP,,,,,,,,,,,,,
"3,5-di-tert-butyl-4-hydroxybenzoic acid","3,5-Di-tert-butyl-4-hydroxybenzoic acid",251.164,antioxidant,urban,paraben,,,,,,,,,,,,
,3.10S-Hydroxypheophorbide a ,,,NP,,,,,,,,,,,,,
,3.alpha.-Galactobiose,,,NP,,,,,,,,,,,,,
,"3-[5-(2-Methylpropyl)-3,6-dioxopiperazin-2-yl]propanoic acid",,,unknown,,,,,,,,,,,,,
,3-{4-[(Phenylcarbonyl)amino]phenyl}propanoic acid,,,,,,,,,,,,,,,,
eslicarbazepine acetate,302776-68-7,,anticonvulsant,drug,azepine,,,,,,,,,,,,
,313489-71-3,,,unknown,,,,,,,,,,,,,
,348622-88-8,,,unknown,,,,,,,,,,,,,
,"3-Buten-2-one, 4-[4-(.beta.-D-glucopyranosyloxy)-2-hydroxy-2,6,6-trimethylcyclohexylidene]-",,,,,,,,,,,,,,,,
"3-cyclohexyl-1,1-dimethylurea","3-Cyclohexyl-1,1-dimethylurea",171.149,rubber,urban,guanidino,,,,,,,,,,,,
3-Hydroxy-2-phenyl-1-isoindolinone,3-Hydroxy-2-phenyl-1-isoindolinone,208.076,,unknown,,,,,,,,,,,,,
,3-Hydroxykynurenine,,,NP,,,,,,,,,,,,,
3-hydroxymorphinan,3-Hydroxymorphinan,,metabolite of dextromethorphan cough suppresant,drug,morphinane,,,,,,,,,,,,
3-iodo-2-propynyl butylcarbamate,3-Iodo-2-propynyl butylcarbamate,,antimicrobial in coatings,urban,carbamate,,,,,,,,,,,,
,3-O-Methylquercetin,,,NP,,,,,,,,,,,,,
,"4-((8a-(Hydroxymethyl)-5-(5-hydroxy-3-((((2Z)-2-methylbut-2-enoyl)oxy)methyl)pentyl)-5,6-dimethyl-3,4,4a,5,6,7,8,8a-octahydronaphthalen-1-yl)methoxy)-4-oxobutanoic acid",269.226,,unknown,,,,,,,,,,,,,
4-(Allylamino)benzoic acid,4-(Allylamino)benzoic acid,160.076,research chemical,unknown,,,,,,,,,,,,,
,4-(Butylamino)benzoic acid,,,unknown,,,,,,,,,,,,,
,"4,11-Dimethyl-8-(propan-2-yl)-5,12-dioxatricyclo[9.1.0.04,6]dodecan-7-ol",,,unknown,,,,,,,,,,,,,
"4,4,6-Trimethyl-1-phenyl-3,4-dihydro-2(1H)-pyrimidinethione","4,4,6-Trimethyl-1-phenyl-3,4-dihydro-2(1H)-pyrimidinethione",174.128,research chemical,unknown,,,,,,,,,,,,,
,"4,4'-Dimethoxystilbene",,,unknown,,,,,,,,,,,,,
"4,5-Epoxy-7Z,10Z,13Z,16Z,19Z-docosapentaenoic acid, methyl ester","4,5-Epoxy-7Z,10Z,13Z,16Z,19Z-docosapentaenoic acid, methyl ester",341.247,,unknown,,,,,,,,,,,,,
"4,6-dichloroindoline","4,6-Dichloroindoline",188.003,reagent,urban,chlorinated indoline,,,,,,,,,,,,
"4,6-Dihydroxy-5a-methyl-3-methylidene-2-oxo-4,5,6,7,8,9,9a,9b-octahydro-3aH-benzo[g][1]benzofuran-9-carbaldehyde","4,6-Dihydroxy-5a-methyl-3-methylidene-2-oxo-4,5,6,7,8,9,9a,9b-octahydro-3aH-benzo[g][1]benzofuran-9-carbaldehyde",245.117,,unknown,,,,,,,,,,,,,
"4-[(E)-5-Hydroxy-3-methylpent-3-enyl]-3,5,5-trimethylcyclohex-2-en-1-one","4-[(E)-5-Hydroxy-3-methylpent-3-enyl]-3,5,5-trimethylcyclohex-2-en-1-one",161.132,,unknown,,,,,,,,,,,,,
,4_2_oxopyrrolidin_1_yl_butanoic_acid,,,unknown,,,,,,,,,,,,,
,46971-49-7,,,unknown,,,,,,,,,,,,,
,4-acetamidocyclohexane-1-carboxylic acid,186.113,,unknown,,,,,,,,,,,,,
,4-aminobutanoic acid_dodecanoic acid,,,NP,,,,,,,,,,,,,
,4-Amino-N-(4-chlorophenyl)benzenesulfonamide,,,unknown,,,,,,,,,,,,,
4'-Deoxyprovincialin,4'-Deoxyprovincialin,229.122,,unknown,,,,,,,,,,,,,
4-ethoxybenzoic acid,4-Ethoxybenzoic acid,167.07,flavorant,urban,paraben,,,,,,,,,,,,
"4-Isopropyl-3,4,5,6,7,8-hexahydro-2(1H)-quinazolinethione","4-Isopropyl-3,4,5,6,7,8-hexahydro-2(1H)-quinazolinethione",152.143,,unknown,,,,,,,,,,,,,
4-tert-butyl-2-(hydroxymethyl)phenol,4-tert-Butyl-2-(hydroxymethyl)phenol,,antioxidant in plstics,urban,phenol,,,,,,,,,,,,
,"5-(2,5-Dihydroxyhexyl)oxolan-2-one",,,unknown,,,,,,,,,,,,,
5-APDB,"5-(2-Aminopropyl)-2,3-dihydrobenzofuran",161.096,research chemical,unknown,,,,,,,,,,,,,
,"5(6)-Epoxy-8Z,11Z,14Z,17Z-eicosatetraenoic acid, methyl ester",,,unknown,,,,,,,,,,,,,
,"5'-(furan-3-yl)-4a-hydroxy-4,7-dimethylspiro[5,6,7,8a-tetrahydro-1H-naphthalene-8,3'-oxolane]-2,2'-dione",348.181,,unknown,,,,,,,,,,,,,
,5.alpha.-Androstan-17.beta.-ol-3-one,,,NP,,,,,,,,,,,,,
,"5.alpha.-Pregnane-3.alpha.,11.beta.,21-triol-20-one",,,NP,,,,,,,,,,,,,
,"5-[(1E,3E)-Hepta-1,3-dienyl]cyclohexane-1,2,3-triol",,,unknown,,,,,,,,,,,,,
,"5-[(Z)-5-Hydroxy-3-methylpent-3-enyl]-1,4a-dimethyl-6-methylidene-3,4,5,7,8,8a-hexahydro-2H-naphthalene-1-carboxylic acid",,,unknown,,,,,,,,,,,,,
,5-[2-(1-methoxycyclobutyl)acetamido]-1H-pyrazole-3-carboxylic acid,254.118,,unknown,,,,,,,,,,,,,
,"5-[5-hydroxy-3-(hydroxymethyl)pentyl]-8a-(hydroxymethyl)-5,6-dimethyl-3,4,4a,6,7,8-hexahydronaphthalene-1-carboxylic acid",355.248,,unknown,,,,,,,,,,,,,
,5-aminopentanoic acid_(E)-but-2-enoic acid,,,NP,,,,,,,,,,,,,
,"5-Androsten-3.beta.,16.alpha.-diol-17-one",,,NP,,,,,,,,,,,,,
,5-Formyl-2-hydroxy-3-methylbenzoic acid,163.039,,unknown,,,,,,,,,,,,,
,"5-Heptenoic acid, 7-[(1S,2S,3S,5R)-3-[[(4-iodophenyl)sulfonyl]amino]-6,6-dimethylbicyclo[3.1.1]hept-2-yl]-, (5Z)-",231.174,,unknown,,,,,,,,,,,,,
,"5-Hydroxy-10,10-dimethyl-6-methylenebicyclo[7.2.0]undecan-2-one",,,unknown,,,,,,,,,,,,,
5-hydroxythiabendazole,5-Hydroxythiabendazole,218.038,fungicide,pesticide,thiazole,,,,,,,,,,,,
,5-Tetradecynoic acid,,,NP,,,,,,,,,,,,,
,"6,8-Dihydroxy-8a-methyl-3,5-dimethylidenedecahydronaphtho[2,3-b]furan-2(3H)-one",265.143,,unknown,,,,,,,,,,,,,
Oc1cc2c(CCN(CC2)C)cc1S(=O)(c3ccc(OCc4ccc(Cl)cc4)cc3)=O,630407-66-8,463.13,trial drug,unknown,,,,,,,,,,,,,
,6-Gingerol,294.204,,NP,,,,,,,,,,,,,
,"6-Hydroxy-3,4-dihydro-1H-quinoline-2-one",,,unknown,,,,,,,,,,,,,
6-Methylchromanone,6-Methylchromanone,163.075,,NP,,,,,,,,,,,,,
,6-Oxooctadecanoic acid,,,NP,,,,,,,,,,,,,
,7(S)-Maresin 1,,,unknown,,,,,,,,,,,,,
,"7,8-Dihydroxy-3,5,7-trimethyl-8,8a-dihydro-1H-isochromen-6-one",179.107,,unknown,,,,,,,,,,,,,
,7.alpha.-Hydroxyandrostenedione,,,NP,,,,,,,,,,,,,
,7'-carboxy-N-geranyl-L-gluatamic acid ,,,NP,,,,,,,,,,,,,
,"7-Hydroxy-8,11,13-abietatrien-19-oic acid",,,NP,,,,,,,,,,,,,
,7-Hydroxycostic acid,,,NP,,,,,,,,,,,,,
,"7-Oxoabieta-8,11,13-trien-18-oic acid",,,NP,,,,,,,,,,,,,
,"9-(2,3-dihydroxypropoxy)-9-oxononanoic acid",263.149,,unknown,,,,,,,,,,,,,
,99207-33-7,,,unknown,,,,,,,,,,,,,
,ACARBOSE,,,NP,,,,,,,,,,,,,
Isobutyl acetate,acetic_acid_isobutyl_ester,255.155,,NP,,,,,,,,,,,,,
,AdenineHCl,,,NP,,,,,,,,,,,,,
,Adenosine 2'-monophosphate,,,NP,,,,,,,,,,,,,
,Adenylosuccinic acid,,,unknown,,,,,,,,,,,,,
adipate,ADIPATE,,plastics and synthetic fibres,urban,dicarboxylic acid,,,,,,,,,,,,
,Ageratriol,,,NP,,,,,,,,,,,,,
agomelatine,Agomelatine,185.096,antidepressant,drug,naphtalene,,,,,,,,,,,,
,AKOS037480294,,,unknown,,,,,,,,,,,,,
,Ala-C18:2,,,NP,,,,,,,,,,,,,
,Ala-CA,,,NP,,,,,,,,,,,,,
,Ala-DCA,,,NP,,,,,,,,,,,,,
,Ala-Ile,,,NP,,,,,,,,,,,,,
,Ala-Phe,,,NP,,,,,,,,,,,,,
,Ala-Trp,,,NP,,,,,,,,,,,,,
albendazole,Albendazole,,antihelmintic,drug,carbamate,,,,,,,,,,,,
albendazole oxide,Albendazole oxide,282.091,antihelmintic and antiparasitic,drug,carbamate,,,,,,,,,,,,
,Aleuritic acid,,,NP,,,,,,,,,,,,,
,aloesin,,,NP,,,,,,,,,,,,,
altretamine,Altretamine,,anticancer ovarian,drug,triazine,,,,,,,,,,,,
,Ambrosic acid,,,NP,,,,,,,,,,,,,
ametryne,Ametryne,,herbicide,pesticide,triazine,,,,,,,,,,,,
,"Androstane-3,17-diol, (3.beta.,5.alpha.,17.beta.)-",,,NP,,,,,,,,,,,,,
,Angiotensin I-Converting Enzyme Substrate,328.223,,unknown,,,,,,,,,,,,,
anthralin,Anthralin,227.071,antipsoriatic,drug,anthrone,,,,,,,,,,,,
,Anticopalic acid,,,NP,,,,,,,,,,,,,
,aphidicolin,,,NP,,,,,,,,,,,,,
,Aramchol,,,unknown,,,,,,,,,,,,,
,Arctigenin,,,NP,,,,,,,,,,,,,
,Arg-Gly,322.187,,NP,,,,,,,,,,,,,
,Arg-Phe,,,NP,,,,,,,,,,,,,
,Asn-Leu,,,NP,,,,,,,,,,,,,
Asperglaucide,Asperglaucide,445.212,,NP,,,,,,,,,,,,,
Asperphenamate,Asperphenamate_120258,507.228,,NP,,,,,,,,,,,,,
,ASP-PHE,,,NP,,,,,,,,,,,,,
,Atractylenolide IV,,,NP,,,,,,,,,,,,,
atrazine,Atrazine,216.101,herbicide,pesticide,triazine,,,,,,,,,,,,
avobenzone,Avobenzone,311.164,uv absorber,urban,sunscreen,,,,,,,,,,,,
azadirachtin,Azadirachtin,,insecticide,pesticide,triterpene,,,,,,,,,,,,
,Azelaic acid,,,NP,,,,,,,,,,,,,
azelaic acid,azelaic acid CollisionEnergy:102040,189.112,also a drug,NP,,,,,,,,,,,,,
,B04A18,375.199,,unknown,,,,,,,,,,,,,
,Bacoside X,,,NP,,,,,,,,,,,,,
,Bartsioside,,,NP,,,,,,,,,,,,,
,Batebulast,,,unknown,,,,,,,,,,,,,
benzyldodecyldimethyl ammonium,Benzalkonium chloride (C12),,surfactant,urban,surfactant,,,,,,,,,,,,
benzophenone,Benzophenone,183.081,UV absorber in plastic,urban,benzophenone,,,,,,,,,,,,
benzyldimethylstearyl ammonium,Benzyldimethylstearylammonium cation,360.363,surfactant,urban,surfactant,,,,,,,,,,,,
,Betaine Lipid DGCC 16:0,,,NP,,,,,,,,,,,,,
bezafibrate,Bezafibrate,362.116,antilipemic,drug,fibrate,,,,,,,,,,,,
,BICINE,164.092,common chemical,unknown,,,,,,,,,,,,,
tinuvin 770,"Bis(2,2,6,6-tetramethyl-4-piperidyl) sebacate",,UV stabilizer in plastics,urban,sebacate,,,,,,,,,,,,
"bisphenol A bis(2,3-dihydroxypropyl) ether","Bisphenol A bis(2,3-dihydroxypropyl) ether",,plastics and resins,urban,bisphenol,,,,,,,,,,,,
,C9:0_Dopamine,,,NP,,,,,,,,,,,,,
,Cabrillostatin,,,NP,,,,,,,,,,,,,
,Cadaverine-CA,493.4,,NP,,,,,,,,,,,,,
,CAMPTOTHECIN,,,NP,,,,,,,,,,,,,
,Candidate 5-aminovaleric acid-C10:1 (delta mass:152.1201),,,NP,,,,,,,,,,,,,
,Candidate Alanine/Sarcosine-C12:0 (delta mass:182.1671),,,NP,,,,,,,,,,,,,
,Candidate Alanine/Sarcosine-C12:2 (delta mass:178.136),,,NP,,,,,,,,,,,,,
,Candidate Alanine/Sarcosine-C15:0 (delta mass:224.2139),,,NP,,,,,,,,,,,,,
,Candidate Aminoadipic acid-C10:0 (delta mass:154.1358),,,NP,,,,,,,,,,,,,
,Candidate Aminoadipic acid-C12:0 (delta mass:182.1675),,,NP,,,,,,,,,,,,,
,Candidate Amylamine-C5:0 (delta mass:84.0573),,,NP,,,,,,,,,,,,,
,Candidate Glutamic acid-C12:0 (delta mass:182.1666),,,NP,,,,,,,,,,,,,
,Candidate Glutamine-C8:1 (delta mass:124.0887),,,NP,,,,,,,,,,,,,
,Candidate Serine-C16:0 (delta mass:238.2299),,,NP,,,,,,,,,,,,,
,Candidate Serotonin-C2:0 (delta mass:42.0106),,,NP,,,,,,,,,,,,,
,Candidate Taurine-C10:0 (delta mass:154.1356),,,NP,,,,,,,,,,,,,
carbamazepine,Carbamazepine,237.102,mood stabilizer,drug,azepine,,,,,,,,,,,,
carbanilide,Carbanilide,213.102,rubber,urban,guanidino,,,,,,,,,,,,
carbendazim,Carbendazim,192.077,fungicide,pesticide,carbamate,,,,,,,,,,,,
carbofuran phenol-3-ketone,Carbofuran phenol-3-ketone,,degradation product of carbofuran,pesticide,benzofurane,,,,,,,,,,,,
,Carvone,,,NP,,,,,,,,,,,,,
,Cedronellone,,,NP,,,,,,,,,,,,,
,Cer(d16:1/0:0); [M+H]+ C16H34N1O2,,,NP,,,,,,,,,,,,,
cetalkonium,Cetalkonium,360.363,surfactant and antiseptic,urban,surfactant,,,,,,,,,,,,
,CHEMBL288113,,,unknown,,,,,,,,,,,,,
chloroquine,chloroquine,311.185,antimalarial,drug,aminoquinoline,,,,,,,,,,,,
,Cholic acid methyl ester,,,NP,,,,,,,,,,,,,
,Cholyl_beta-Alanine,,,NP,,,,,,,,,,,,,
,Cholyl_Cadaverine_NCE45,,,NP,,,,,,,,,,,,,
cintazone,CINTAZONE,174.09,antiinfalmamtory,drug,pyridazine,,,,,,,,,,,,
,cis-Parinaric acid methyl ester,291.229,,unknown,,,,,,,,,,,,,
,cis-Pinonic acid,,,NP,,,,,,,,,,,,,
,cis-Vaccenic acid,,,NP,,,,,,,,,,,,,
,Citronellyl acetate,,also a flavoring,NP,,,,,,,,,,,,,
cocamidopropyl betaine,CocamidoprpylBetaine,,surfactant,urban,surfactant,,,,,,,,,,,,
codeine,Codeine,300.16,analgesig,drug,morphinane,,,,,,,,,,,,
,Contaminant vial septum ThermoFisher C5000-44B,,,unknown,,,,,,,,,,,,,
,Contaminants septum vial Thermo C4000-53 and C4000-54 serie,,,unknown,,,,,,,,,,,,,
,CUDC-101,,,unknown,,,,,,,,,,,,,
,Cyclo(leucylprolyl),,,NP,,,,,,,,,,,,,
,cyclo(L-Val-L-Pro),,,NP,,,,,,,,,,,,,
,Cyclooctatin,,,,,,,,,,,,,,,,
,Cys-Trp,221.092,,NP,,,,,,,,,,,,,
,Cys-Val,,,NP,,,,,,,,,,,,,
daidzein,daidzein CollisionEnergy:102040,255.066,,NP,,,,,,,,,,,,,
decapropylene glycol,Decapropylene glycol,599.437,surfactant,urban,glycol,,,,,,,,,,,,
decapropylene glycol monobutyl ether,Decapropylene glycol monobutyl ether,655.5,surfactant,urban,glycol,,,,,,,,,,,,
DEET,DEET,192.138,mosquito spray,pesticide,benzamide,,,,,,,,,,,,
delorazepam,Delorazepam,327.008,anxiolytic drug,drug,benzodiazepine,,,,,,,,,,,,
,D-erythro-N-stearoylsphingosine,,,NP,,,,,,,,,,,,,
,DGCC (38:6),,,NP,,,,,,,,,,,,,
di(propylene glycol) butyl ether,Di(propylene glycol) butyl ether,381.321,"coatings, cleaning products and many more",urban,glycol,,,,,,,,,,,,
"1,3-dicyclohexylurea",Dicyclohexylcarbodiimide,225.196,rubber stabilizer,urban,guanidino,,,,,,,,,,,,
diethyl phthalate,Diethyl phthalate,,plasticizer,urban,phthalate,,,,,,,,,,,,
diethylmaleic acid,diethylmaleic acid,,monomer in polymer production,urban,dicarboxylic acid,,,,,,,,,,,,
,"Dimethyl 4-(2-furyl)-2,6-dimethyl-1,4-dihydro-3,5-pyridinedicarboxylate",,,unknown,,,,,,,,,,,,,
dimethyl adipate,Dimethyl adipate,175.097,plasticizer,urban,ester,,,,,,,,,,,,
Dimethyl azelate,Dimethyl azelate,185.117,,NP,,,,,,,,,,,,,
di-N-octyl phthalate,Di-n-octyl phthalate,,plasticizer,urban,phthalate,,,,,,,,,,,,
diphenhydramine,diphenhydramine,247.167,antihistamine,drug,benzenoid,,,,,,,,,,,,
diphenylmethylphosphine oxide,Diphenylmethylphosphine oxide,217.078,resins and rubbers,urban,organophosphate,,,,,,,,,,,,
diphenyl phosphate,Diphenylphosphate,,flame retardant,urban,organophosphate,,,,,,,,,,,,
diphenylsulfone,Diphenylsulfone,,solvent in polymerproduction,urban,sulfone,,,,,,,,,,,,
Dipicolinic acid,Dipicolinic acid,150.027,,NP,,,,,,,,,,,,,
Diprotin B,Diprotin B,328.223,,NP,,,,,,,,,,,,,
atenolol,DL-Atenolol - 30.0 eV,,,drug,phenoxypropanolamine,,,,,,,,,,,,
,"DL-Tryptophan, methyl ester",,,NP,,,,,,,,,,,,,
,Docosatrienoic acid,,,NP,,,,,,,,,,,,,
docusate,DOCUSATE,467.205,additive and laxative,urban,sulfoxide,,,,,,,,,,,,
dodecamethylcyclohexasiloxane,Dodecamethylcyclohexasiloxane,,PCPs and polymers,urban,surfactant,,,,,,,,,,,,
,Dodecanedioic acid,,,NP,,,,,,,,,,,,,
,Domoic acid,,,NP,,,,,,,,,,,,,
,D-Psicose,,,NP,,,,,,,,,,,,,
,DTXSID701143781,397.149,,unknown,,,,,,,,,,,,,
efavirenz,Efavirenz,,ARV,drug,fluorinated,,,,,,,,,,,,
,Eicosapentaenoic acid methyl ester,,,NP,,,,,,,,,,,,,
Elemadienonic acid,Elemadienonic acid,437.342,,NP,,,,,,,,,,,,,
empenthrin,Empenthrin,,insecticide,pesticide,pyethrine,,,,,,,,,,,,
emtricitabine,Emtricitabine,248.05,ARV,drug,fluorinated,,,,,,,,,,,,
,Erucamide,,,NP,,,,,,,,,,,,,
Esculentic acid,Esculentic acid,453.336,,NP,,,,,,,,,,,,,
eslicarbazepine,Eslicarbazepine,,anticonvulsant,drug,azepine,,,,,,,,,,,,
calyxol,Ethyl 2-methyl-4-oxo-6-pentylcyclohex-2-enecarboxylate,179.143,used in fragrances,urban,paraben,,,,,,,,,,,,
,Ethyl 4-{[(ethylamino)carbothioyl]amino}benzoate,166.086,,unknown,,,,,,,,,,,,,
,Ethyl 4-amino-1-piperidinecarboxylate,,,unknown,,,,,,,,,,,,,
,Ethyl 6-isopropyl-2-methyl-4-oxo-2-cyclohexene-1-carboxylate,449.29,,unknown,,,,,,,,,,,,,
ethylphenidate,Ethylphenidate,,stimulant,drug,piperidine,,,,,,,,,,,,
etilefrine,Etilefrine,182.118,blood pressure,drug,phenol,,,,,,,,,,,,
,Farnesene,,,NP,,,,,,,,,,,,,
,ferulic acid CollisionEnergy:102040,,,NP,,,,,,,,,,,,,
fexofenadine,fexofenadine,502.296,antihistamine,drug,benzhydryl,,,,,,,,,,,,
,Finerenone,,,NP,,,,,,,,,,,,,
,Flavine mononucleotide,,,NP,,,,,,,,,,,,,
fluazacort,FLUAZACORT,480.157,antiinflammatory,drug,fluorinated,,,,,,,,,,,,
flunixin,Flunixin,297.085,analgesic and antiinflammatory,drug,fluorinated,,,,,,,,,,,,
fluoxymesterone,Fluoxymesterone,,anabolic steroid,drug,fluorinated ,,,,,,,,,,,,
,Fucoxanthin,,,NP,,,,,,,,,,,,,
,fumagillin,,,NP,,,,,,,,,,,,,
,Furaneol (known structural isomers: 0; isobaric peaks in run: 4),151.035,,NP,,,,,,,,,,,,,
gabapentin related compound a,Gabapentin related compound A,307.238,metbaolite of antiepileptic gabapentin,drug,amine,,,,,,,,,,,,
Galbanic acid,Galbanic acid,181.122,,NP,,,,,,,,,,,,,
,Garcinoic acid,,,NP,,,,,,,,,,,,,
Germine,Germine,474.285,,NP,,,,,,,,,,,,,
,Gln-Leu,,,NP,,,,,,,,,,,,,
,Gln-Phe,,,NP,,,,,,,,,,,,,
,Gln-Trp,,,NP,,,,,,,,,,,,,
glutethimide,Glutethimide,,sedative,drug,piperidine,,,,,,,,,,,,
,Glycerophosphocholine,,,NP,,,,,,,,,,,,,
,glycine_undecanoyl chloride,,,NP,,,,,,,,,,,,,
,GLYCOCHENODEOXYCHOLATE,,,NP,,,,,,,,,,,,,
,GLYCOCHOLIC ACID,,,NP,,,,,,,,,,,,,
,glycocholic acid,,,NP,,,,,,,,,,,,,
,Glycocholic Acid,,,NP,,,,,,,,,,,,,
,Glycyl-L-norleucine,,,NP,,,,,,,,,,,,,
,Gly-Phe,,,NP,,,,,,,,,,,,,
gosogliptin,GOSOGLIPTIN,,antidiabetic,drug,pyrimidine,,,,,,,,,,,,
,Grandiflorenic acid,,,NP,,,,,,,,,,,,,
,Guanine,,,NP,,,,,,,,,,,,,
heptaethylene glycol p-tert-octylphenyl ether,Heptaethylene glycol p-tert-octylphenyl ether,537.34,surfactant,urban,glycol,,,,,,,,,,,,
,"Heptanedioic acid, 1-[2-[(2-carboxyphenyl)methylene]hydrazide]",,,unknown,,,,,,,,,,,,,
heptapropylene glycol,Heptapropylene glycol,425.311,surfactant,urban,glycol,,,,,,,,,,,,
hexaethylene glycol,Hexaethylene glycol,283.175,surfactant,urban,glycol,,,,,,,,,,,,
HMMM,Hexa-methoxymethyl-melamine,391.23,resins,urban,triazine,,,,,,,,,,,,
hexamethylolmelamine pentamethyl ether,hexamethylolmelamine pentamethyl ether (putative),377.214,resin,urban,triazine,,,,,,,,,,,,
,Hexanoyl-L-carnitine,,,NP,,,,,,,,,,,,,
hexapropylene glycol,Hexapropylene glycol,367.269,corrosion inhibitor,urban,glycol,,,,,,,,,,,,
hexylene glycol,Hexylene glycol,,plasticizer,urban,glycol,,,,,,,,,,,,
,His-Phe,,,NP,,,,,,,,,,,,,
,HTL9936,388.254,,unknown,,,,,,,,,,,,,
,Hydroxyvalerenic acid,,,NP,,,,,,,,,,,,,
,Iberverin,225.091,,NP,,,,,,,,,,,,,
icaridin,Icaridin,230.175,insect repellent,pesticide,piperidine,,,,,,,,,,,,
icaridin,icaridin,230.175,insect repellent,pesticide,piperidine,,,,,,,,,,,,
imazamox,Imazamox,,herbicide,pesticide,imidazole,,,,,,,,,,,,
imazapyr,Imazapyr,262.118,herbicide,pesticide,alkaloid,,,,,,,,,,,,
indigotin,Indigotin,,"dye for jeans, also an NP",urban,indole,,,,,,,,,,,,
irbesartan,IRBESARTAN,,blood pressure,drug,biphenyl,,,,,,,,,,,,
irgarol,Irgarol,254.143,"herbicide, algicide",pesticide,triazine,,,,,,,,,,,,
,Isoglobotriaose (iGb3),,,NP,,,,,,,,,,,,,
,Isomaltose,,,NP,,,,,,,,,,,,,
,Isosteviol,,,NP,,,,,,,,,,,,,
,Kirenol,,,NP,,,,,,,,,,,,,
,kynurenic acid CollisionEnergy:205060,,,NP,,,,,,,,,,,,,
,KYNURENINE,,,NP,,,,,,,,,,,,,
Labdanolic acid,Labdanolic acid,307.263,,NP,,,,,,,,,,,,,
,Leelamine,,,unknown,,,,,,,,,,,,,
levorphanol,Levorphanol,258.186,analgesic,drug,morphinane,,,,,,,,,,,,
,L-Fucitol,170.081,,NP,,,,,,,,,,,,,
,"L-Glutamic acid, dimethyl ester",,,NP,,,,,,,,,,,,,
,Linalool-7-OOH,,,NP,,,,,,,,,,,,,
lincomycin,Lincomycin,407.221,antibiotic,drug,glycoside,,,,,,,,,,,,
,Linearol,,,NP,,,,,,,,,,,,,
,Linoelaidic acid,,,NP,,,,,,,,,,,,,
,L-leucine_(E)-but-2-enoic acid,,,NP,,,,,,,,,,,,,
,L-Leucyl-L-leucine methyl ester,,,NP,,,,,,,,,,,,,
,Loliolide,,,NP,,,,,,,,,,,,,
lopinavir,Lopinavir,629.368,ARV,drug,peptidomimetic,,,,,,,,,,,,
lorlatinib,Lorlatinib,,anticancer,drug,aminopyridine,,,,,,,,,,,,
losartan,Losartan,423.17,blood pressure,drug,imidazole,,,,,,,,,,,,
losartan carboxylic acid,Losartan carboxylic acid,437.149,blood pressure,drug,imidazole,,,,,,,,,,,,
,"L-Phenylalanine, methyl ester",,,NP,,,,,,,,,,,,,
,L-phenylalanine_dodecanoic acid,,,NP,,,,,,,,,,,,,
,L-Tyrosine tert-butyl ester,221.117,research chemical,unknown,,,,,,,,,,,,,
,lumichrome,,,NP,,,,,,,,,,,,,
,Luteolin,,,NP,,,,,,,,,,,,,
,Lyso DGCC (14:0),,,NP,,,,,,,,,,,,,
,Lyso DGCC (18:5),,,NP,,,,,,,,,,,,,
,Lyso PC (16:1),,,NP,,,,,,,,,,,,,
,Lys-Phe,,,NP,,,,,,,,,,,,,
,M50367,,,unknown,,,,,,,,,,,,,
mafenide,mafenide,225.01,antimicrobial,drug,sulfonamide,,,,,,,,,,,,
benzyldiphenylphosphine oxide,Massbank: Benzyldiphenylphosphine oxide,293.109,coatings,urban,organophosphate,,,,,,,,,,,,
diethylene glycol monobutyl ether,Massbank: Diethylene glycol monobutyl ether|2-(2-butoxyethoxy)ethanol,163.133,solvent for paints,urban,glycol,,,,,,,,,,,,
ketorolac,Massbank: Ketorolac,256.097,analgesic,drug,benzenoid,,,,,,,,,,,,
myristamidpropyl betaine,Massbank: Myristamidopropyl betaine|carboxymethyl-dimethyl-[3-(tetradecanoylamino)propyl]azanium,,surfactant,urban,surfactant,,,,,,,,,,,,
sulfamethoxazole,"Massbank: Sulfamethoxazole|4-Amino-N-(5-methyl-1,2-oxazol-3-yl)benzene-1-sulfonamide",,antibiotic,drug,sulfonamide,,,,,,,,,,,,
tripelennamine,Massbank: Tripelennamine,256.181,antihistamine,drug,pyridine,,,,,,,,,,,,
aurantiamide,Massbank:AC000716 Aurantiamide|N-((1s)-1-(((2s)-1-hydroxy-3-phenyl-propan-2-yl)carbamoyl)-2-phenyl-ethyl)benzamide,403.201,,NP,,,,,,,,,,,,,
efavirenz,"Massbank:AU235702 Efavirenz|6-Chloro-4-(cyclopropylethynyl)-4-(trifluoromethyl)-1,4-dihydro-2H-3,1-benzoxazin-2-one|6-chloro-4-(2-cyclopropylethynyl)-4-(trifluoromethyl)-1H-3,1-benzoxazin-2-one",,ARV,drug,fluorinated,,,,,,,,,,,,
tributylamine,"Massbank:AU244206 Tributylamine|N,N-dibutylbutan-1-amine",186.222,solvent and corrosion inhibitor,urban,alkaloid,,,,,,,,,,,,
trifloxystrobin cga 321113,Massbank:AU259602 Trifloxystrobin CGA 321113|ISZQNKFXNXQTTF-NACSPRHISA-N|(2E)-2-methoxyimino-2-[2-[[(E)-1-[3-(trifluoromethyl)phenyl]ethylideneamino]oxymethyl]phenyl]acetic acid,395.121,fungicide,pesticide,fluorinated,,,,,,,,,,,,
myristamine oxide,"Massbank:AU285203 N,N-Dimethyltetradecylamine-N-oxide|Myristamine oxide|N,N-dimethyltetradecan-1-amine oxide",,surfactant,urban,surfactant,,,,,,,,,,,,
triethyl citrate,"Massbank:AU285706 Triethylcitrate|Triethyl citrate|triethyl 2-hydroxypropane-1,2,3-tricarboxylate",277.128,plasticizer,urban,citrate,,,,,,,,,,,,
"bisphenol a (2,3-dihydroxypropyl) glycidyl ether","Massbank:AU581252 Bisphenol A (2,3-dihydroxypropyl) glycidyl ether|3-(4-(1-(4-(2,3-Epoxypropoxy)phenyl)-1-methylethyl)phenoxy)propane-1,2-diol|3-[4-[2-[4-(oxiran-2-ylmethoxy)phenyl]propan-2-yl]phenoxy]propane-1,2-diol",376.212,resins,urban,bisphenol,,,,,,,,,,,,
,Massbank:BML01185 L-Tryptophan,,,NP,,,,,,,,,,,,,
"2,6-dichlorobenzamide","Massbank:EA008514 2,6-Dichlorobenzamide|2,6-bis(chloranyl)benzamide",189.982,herbicide,pesticide,chlorobenzamide,,,,,,,,,,,,
clarithromycin,"Massbank:EA019109 Clarithromycin|6-O-Methylerythromycin|(3R,4S,5S,6R,7R,9R,11R,12R,13S,14R)-6-[4-(dimethylamino)-3-hydroxy-6-methyl-tetrahydropyran-2-yl]oxy-14-ethyl-12,13-dihydroxy-4-(5-hydroxy-4-methoxy-4,6-dimethyl-",,antibiotic,drug,macrolide,,,,,,,,,,,,
trimethoprim,"Massbank:EA019910 Trimethoprim|2,4-Diamino-5-(3,4,5-trimethoxybenzyl)pyrimidine|5-[(3,4,5-trimethoxyphenyl)methyl]pyrimidine-2,4-diamine",,analgesic,drug,pyrimidine,,,,,,,,,,,,
4-acetamidoantipyrine,"Massbank:EA023609 4-Acetamidoantipyrine|N-(1,5-dimethyl-3-oxidanylidene-2-phenyl-pyrazol-4-yl)ethanamide",246.124,analgesic,drug,alkaloid,,,,,,,,,,,,
simazine,"Massbank:EA026209 Simazine|6-chloranyl-N2,N4-diethyl-1,3,5-triazine-2,4-diamine",202.085,herbicide,pesticide,triazine,,,,,,,,,,,,
irgarol-descyclopropyl,"Massbank:EA028310 Irgarol-descyclopropyl|2-N-tert-butyl-6-methylsulfanyl-1,3,5-triazine-2,4-diamine",214.112,algaecide and antifouling,pesticide,triazine,,,,,,,,,,,,
terbutylazine,"Massbank:EA028404 Terbutylazine|2-N-tert-butyl-6-chloro-4-N-ethyl-1,3,5-triazine-2,4-diamine",,algicide,pesticide,triazine,,,,,,,,,,,,
galaxolidone,"Massbank:EA066004 Galaxolidone|1,3,4,6,7,8-Hexahydro-4,6,6,7,8,8-hexamethylcyclopenta[g]-2-benzopyran-1-on",,flavorant,urban,benzopyranone,,,,,,,,,,,,
atenolol acid,Massbank:EA069714 Atenolol acid|Metoprolol acid|4-(2-Hydroxy-3-((1-methylethyl)amino)propoxy)benzeneacetic acid,268.154,blood pressure,drug,phenol,,,,,,,,,,,,
"carbamazepine-10,11-epoxide","Massbank:EA091604 Carbamazepine-10,11-epoxide|1a,10b-Dihydro-6H-dibenz(b,f)oxiren(d)azepine-6-carboxamide",253.097,anticonvulsant,drug,azepine,,,,,,,,,,,,
4-formylaminoantipyrine,"Massbank:EA103809 4-Formylaminoantipyrine|N-(1,5-dimethyl-3-oxidanylidene-2-phenyl-pyrazol-4-yl)methanamide",232.108,analgesic metbaolit of aminophenazone,drug,pyrazole,,,,,,,,,,,,
lamotriginine,"Massbank:EA267601 Lamotrigine|6-(2,3-dichlorophenyl)-1,2,4-triazine-3,5-diamine",256.015,antiepileptic',drug,triazine,,,,,,,,,,,,
lamotrigine,"Massbank:EA267604 Lamotrigine|6-(2,3-dichlorophenyl)-1,2,4-triazine-3,5-diamine",256.015,antiepileptic',drug,triazine,,,,,,,,,,,,
climbazol,"Massbank:EA273901 Climbazol|Climbazole|1-(4-chloranylphenoxy)-1-imidazol-1-yl-3,3-dimethyl-butan-2-one",293.105,antifungal,drug,chlorophenyl,,,,,,,,,,,,
"N,N-dimethyl-1-decanamine oxid","Massbank:EA278401 DDAO| N,N-dimethyl-1-decanamine oxide|NN-Dimethyldicylamine N-oxide",,surfactant,urban,surfactant,,,,,,,,,,,,
telmisartan,"Massbank:EA280510 Telmisartan|4'-[(1,7'-dimethyl-2'-propyl-1H,3'H-2,5'-bibenzimidazol-3'-yl)methyl]biphenyl-2-carboxylic acid| 2-[4-[[4-methyl-6-(1-methyl-2-benzimidazolyl)-2-propyl-1-benzimidazolyl]methyl]phenyl]benzo",,antihypertensive,drug,biphenyl,,,,,,,,,,,,
cocaine,"Massbank:EA281704 Cocaine| (1S,3S,4R,5R)-3-benzoyloxy-8-methyl-8-azabicyclo[3.2.1]octane-4-carboxylic acid methyl ester",304.155,stimulant,drug,tropane,,,,,,,,,,,,
cocaine,"Massbank:EA281710 Cocaine| (1S,3S,4R,5R)-3-benzoyloxy-8-methyl-8-azabicyclo[3.2.1]octane-4-carboxylic acid methyl ester",,stimulant,drug,tropane,,,,,,,,,,,,
amitriptyline,"Massbank:EA282110 Amitriptyline|3-(10,11-Dihydro-5H-dibenzo[a,d][7]annulen-5-ylidene)-N,N-dimethyl-1-propanamine",,pain killer,drug,benzocycloheptene,,,,,,,,,,,,
methamphetamine,Massbank:EQ282901 Methamphetamine|(2S)-N-methyl-1-phenylpropan-2-amine,150.128,stimulant,drug,alkaloid,,,,,,,,,,,,
atazanavir,"Massbank:EQ301202 Atazanavir|N-[(1S)-1-[[(1S,2S)-1-benzyl-3-[[[(2S)-2-(carbomethoxyamino)-3,3-dimethyl-butanoyl]amino]-[4-(2-pyridyl)benzyl]amino]-2-hydroxy-propyl]carbamoyl]-2,2-dimethyl-propyl]carbamic acid methyl es",705.398,ARV,drug,oligopeptide,,,,,,,,,,,,
metalaxyl acid,"Massbank:EQ323302 CGA62826 (2-[2,6-dimethylphenyl)-methoxyacetylamino]propionic acid|N-(2,6-Dimethylphenyl)-N-(methoxyacetyl)-L-alanine|(2S)-2-(N-(2-methoxyacetyl)-2,6-dimethylanilino)propanoic acid",266.139,fungicide,pesticide,acylalanine,,,,,,,,,,,,
,"Massbank:EQ330402 Adenosine|(2R,3R,4S,5R)-2-(6-aminopurin-9-yl)-5-(hydroxymethyl)oxolane-3,4-diol",,,NP,,,,,,,,,,,,,
gabapentin related compound E,Massbank:EQ331201 Gabapentin Related Compound E|1-(carboxymethyl)cyclohexanecarboxylic acid|1-(carboxymethyl)cyclohexane-1-carboxylic acid,,antiepileptic metabolite,drug,cyclohexane,,,,,,,,,,,,
diphenhydramine,"Massbank:EQ335203 Diphenhydramine|2-benzhydryloxy-N,N-dimethylethanamine",256.169,antihistamine,drug,benzenoid,,,,,,,,,,,,
tributylphosphine oxide,Massbank:EQ358903 Tributylphosphine oxide|Tri-n-butylphosphine oxide,219.187,flame retardant,urban,organophosphate,,,,,,,,,,,,
"2-(methylsulfanyl)-1,3-benzothiazole","Massbank:EQ364604 2-(Methylsulfanyl)-1,3-benzothiazole|2-(Methylthio)benzothiazole (2-Me-S-Benzothiazole)|2-Methylmercaptobenzothiazole",182.01,included in fungicides and herbicides,pesticide,benzothiazole,,,,,,,,,,,,
dimethyl phthalate,"Massbank:EQ367303 Dimethyl-phthalate|Dimethyl phthalate|Dimethyl benzene-1,2-dicarboxylate",195.065,plasticizer,urban,phthalate,,,,,,,,,,,,
fluconazole,"Massbank:ET230001 Fluconazole (FLU)|fluconazole|2-(2,4-difluorophenyl)-1,3-bis(1,2,4-triazol-1-yl)propan-2-ol",307.111,antifungal,drug,fluorinated,,,,,,,,,,,,
gabapentin-lactam,"Massbank:KW100303 3,3-pentamethylene-4-butyrolactam",154.123,gabapentin impurity,drug,lactam,,,,,,,,,,,,
"2,6-diisopropylaniline","Massbank:KW102602 2,6-diisopropylaniline",,antioxidant,urban,aniline,,,,,,,,,,,,
2-(2-(2-ethoxyethoxy)ethoxy)ethanol,Massbank:KW109404 2-(2-(2-ethoxyethoxy)ethoxy)ethanol,179.128,surfactant,urban,glycol,,,,,,,,,,,,
4-methylphthalic anhydride,"Massbank:LU019402 4-Methylphthalic anhydride|5-methyl-2-benzofuran-1,3-dione",163.039,paint and coatings,urban,phthalate,,,,,,,,,,,,
diphenylamine,Massbank:LU030003 Diphenylamine|N-phenylaniline,,antioxidant in plastics,urban,aniline,,,,,,,,,,,,
lauryldiethanolamine,Massbank:LU030803 Lauryldiethanolamine|2-[dodecyl(2-hydroxyethyl)amino]ethanol,,surfactant,urban,surfactant,,,,,,,,,,,,
7-diethylamino-4-methylcoumarin,Massbank:LU043202 7-Diethylamino-4-methylcoumarin|7-(diethylamino)-4-methylchromen-2-one,232.133,"textiles, paper",urban,coumarin,,,,,,,,,,,,
triphenyl phosphate,Massbank:LU049103 Triphenyl phosphate,327.078,plasticizer and flame retardant,urban,organophosphate,,,,,,,,,,,,
tonalid,"Massbank:LU067903 6-Acetyl-1,1,2,4,4,7-hexamethyltetralin|Tonalid|1-(3,5,5,6,8,8-hexamethyl-6,7-dihydronaphthalen-2-yl)ethanone",,fragrance,urban,tetralin,,,,,,,,,,,,
N-[3-(dimethylamino)propyl]dodecanamide,Massbank:LU071402 N-[3-(Dimethylamino)propyl]dodecanamide,,surfactant,urban,surfactant,,,,,,,,,,,,
,Massbank:LU071701 epsilon-Decalactone|7-butyloxepan-2-one,,,NP,,,,,,,,,,,,,
6-pentylpyran-2-one,Massbank:LU079501 6-Pentyl-2H-pyran-2-one|6-pentylpyran-2-one,167.107,,NP,,,,,,,,,,,,,
oxazepam,"Massbank:LU079902 Oxazepam|7-chloro-3-hydroxy-5-phenyl-1,3-dihydro-1,4-benzodiazepin-2-one",,anxiolytic drug,drug,azepine,,,,,,,,,,,,
laurolactam,Massbank:LU080702 Azacyclotridecan-2-one,,plastics,urban,lactam,,,,,,,,,,,,
nalidixic acid,"Massbank:LU084003 Nalidixic acid|1-ethyl-7-methyl-4-oxo-1,8-naphthyridine-3-carboxylic acid",233.092,antibiotic,drug,"1,8-Naphthyridine",,,,,,,,,,,,
"1,3-diphenylguanidine","Massbank:LU084503 1,3-Diphenylguanidine|1,2-diphenylguanidine",212.118,rubber component,urban,guanidino,,,,,,,,,,,,
triethylene glycol bis(2-ethylhexanoate),Massbank:LU084702 Triethylene glycol bis(2-ethylhexanoate)|2-[2-[2-(2-ethylhexanoyloxy)ethoxy]ethoxy]ethyl 2-ethylhexanoate,,plasticizer,urban,glycol,,,,,,,,,,,,
1-octylpyrrolidin-2-one,Massbank:LU086504 N-Octyl-2-pyrrolidone|1-octylpyrrolidin-2-one,,surfactant,urban,pyrollidone,,,,,,,,,,,,
tetradecyldiethanolamine,"Massbank:LU100202 2,2'-(Tetradecylimino)diethanol|Tetradecyldiethanolamine",,surfactant,urban,surfactant,,,,,,,,,,,,
tetradecyldiethanolamine,"Massbank:LU100203 2,2'-(Tetradecylimino)diethanol|Tetradecyldiethanolamine",,surfactant,urban,surfactant,,,,,,,,,,,,
deoxybenzoin,"Massbank:LU100902 1,2-Diphenylethanone|Deoxybenzoin",197.096,plastics,urban,phenone,,,,,,,,,,,,
padimate O,Massbank:LU101703 2-Ethylhexyl 4-(dimethylamino)benzoate,,UV filter,urban,aminobenzoate,,,,,,,,,,,,
benzoguanamine,"Massbank:LU106303 6-Phenyl-1,3,5-triazine-2,4-diamine",188.093,resins,urban,triazine,,,,,,,,,,,,
,"Massbank:LU111003 Resveratrol|5-[(E)-2-(4-hydroxyphenyl)ethenyl]benzene-1,3-diol",,,NP,,,,,,,,,,,,,
"n,n'-dicyclohexylthiourea","Massbank:LU118802 N,N'-Dicyclohexylthiourea|N,N'-dicyclohexylcarbamimidothioic acid",241.173,rubber,urban,guanidino,,,,,,,,,,,,
bis[2-(2-butoxyethoxy)ethyl] hexandioate,Massbank:LU125402 Bis[2-(2-butoxyethoxy)ethyl] hexandioate|Bis[2-(2-butoxyethoxy)ethyl] adipate|bis[2-(2-butoxyethoxy)ethyl] hexanedioate,435.296,surfactant,urban,glycol,,,,,,,,,,,,
4-tert-butylcatechol,"Massbank:LU129002 4-tert-Butylcatechol|4-tert-butylbenzene-1,2-diol",,antioxidant,urban,catechol,,,,,,,,,,,,
framidice 3,Massbank:LU130202 N-Ethyl-4-menthane-3-carboxamide|N-Ethyl-p-menthane-3-carboxamide|N-ethyl-5-methyl-2-propan-2-ylcyclohexane-1-carboxamide,,flavorant,urban,carboxamide,,,,,,,,,,,,
propiconazole,"Massbank:LU134602 Propiconazole|1-[[2-(2,4-dichlorophenyl)-4-propyl-1,3-dioxolan-2-yl]methyl]-1,2,4-triazole",,fungicide,pesticide,triazole,,,,,,,,,,,,
2-methyl-4'-(methylthio)-2-morpholinopropiophenone,Massbank:LU138603 2-Methyl-4'-(methylthio)-2-morpholinopropiophenone|2-methyl-1-(4-methylsulfanylphenyl)-2-morpholin-4-ylpropan-1-one,280.137,coatings and resins,urban,phenone,,,,,,,,,,,,
,Massbank:NA002994 [6]-Gingerol|5-hydroxy-1-(4-hydroxy-3-methoxyphenyl)decan-3-one,,,NP,,,,,,,,,,,,,
,Massbank:PR310824 N-Fructosyl isoleucine,,,NP,,,,,,,,,,,,,
,Massbank:RP003002 Myristoyl Ethanolamide|N-(2-hydroxyethyl)tetradecanamide,,,NP,,,,,,,,,,,,,
dipropyl phthalate,"Massbank:RP019702 Dipropylphthalate|Dipropyl phthalate|dipropyl benzene-1,2-dicarboxylate",,plasticizer,urban,phthalate,,,,,,,,,,,,
,Massbank:RP024902 Decanoyl-L-Carnitine|Decanoylcarnitine|3-decanoyloxy-4-(trimethylazaniumyl)butanoate,,,NP,,,,,,,,,,,,,
,"Massbank:RP030803 N6-Threonylcarbamoyladenosine|t(6)a|(2S,3R)-2-[[9-[(2R,3R,4S,5R)-3,4-dihydroxy-5-(hydroxymethyl)oxolan-2-yl]purin-6-yl]carbamoylamino]-3-hydroxybutanoic acid",,,unknown,,,,,,,,,,,,,
denatonium,"Massbank:TUE00282 Denatonium|N-Benzyl-2-[(2,6-dimethylphenyl)amino]-N,N-diethyl-2-oxoethanaminium",325.228,flavorant,urban,benzenoid,,,,,,,,,,,,
,Massbank:UA007701 4-Phenylpyridine,,,unknown,,,,,,,,,,,,,
metoprolol,Massbank:UF407204 Metoprolol|1-(isopropylamino)-3-[4-(2-methoxyethyl)phenoxy]propan-2-ol,268.191,blood pressure,drug,phenol,,,,,,,,,,,,
caffeine,"Massbank:UF408901 Caffeine|1,3,7-trimethyl-3,7-dihydro-1H-purine-2,6-dione|1,3,7-trimethylpurine-2,6-dione",195.088,stimulant,urban,purine,,,,,,,,,,,,
bezafibrate methyl ester,MassbankEU:ET290202 BEZ-M,376.132,lipid lowerign drug,drug,fibrate,,,,,,,,,,,,
benzanilide,MassbankEU:SM808102 Benzanilide|N-phenylbenzamide,,dyes,urban,aniline,,,,,,,,,,,,
diphenylsulfone,MassbankEU:SM808701 Diphenylsulfone|Diphenyl sulfone|Benzenesulfonylbenzene,,solvent in polymerproduction,urban,sulfone,,,,,,,,,,,,
DEET,"MassbankEU:SM822301 DEET|N,N-diethyl-3-methylbenzamide",192.138,mosquito spray,pesticide,benzamide,,,,,,,,,,,,
n-butylbenzenesulfonamide,MassbankEU:SM823401 N-Butylbenzenesulfonamide,214.09,plasticizer,urban,sulfonamide,,,,,,,,,,,,
N-ethyl-o-toluenesulfonamide,MassbankEU:SM823601 N-Ethyl-o-toluenesulfonamide|N-ethyl-2-methylbenzenesulfonamide,,plasticizer,urban,sulfonamide,,,,,,,,,,,,
ensulizole,MassbankEU:SM823802 Phenylbenzimidazole sulfonic acid|27503-81-7|2-phenyl-3H-benzimidazol-1-ium-5-sulfonate,,sunscreens,urban,imidazole,,,,,,,,,,,,
butylbenzyl phthalate,"MassbankEU:SM836901 Benzyl butyl phthalate|2-O-benzyl 1-O-butyl benzene-1,2-dicarboxylate|2-O-benzyl 1-O-butyl benzene-1,2-dicarboxylate",,plasticizer,urban,phthalate,,,,,,,,,,,,
flumequine,MassbankEU:SM853301 Flumequine,262.088,antibiotic,drug,fluorinated,,,,,,,,,,,,
dihydroxycarbazepine,"MassbankEU:SM858102 10,11-Dihydro-10,11-dihydroxycarbamazepine|Dihydroxycarbazepine|5,6-dihydroxy-5,6-dihydrobenzo[b][1]benzazepine-11-carboxamide",271.108,anticonvulsant,drug,azepine,,,,,,,,,,,,
amitriptyline,"MassbankEU:SM859203 Amitriptyline|3-(5,6-dihydrodibenzo[2,1-b:2`,1`-f][7]annulen-11-ylidene)-N,N-dimethylpropan-1-amine",278.19,antidepressant,drug,benzocycloheptene,,,,,,,,,,,,
pentoxyfylline metabolite M5,"MassbankEU:SM871101 1-(3-carboxypropyl)-3,7-dimethylxanthine|4-(3,7-dimethyl-2,6-dioxopurin-1-yl)butanoic acid",267.109,"metabolite of pentoxyfylline, blood thinner",drug,xanthine,,,,,,,,,,,,
2-hydroxybenzothiazole,"MassbankEU:SM871201 2-Hydroxybenzothiazole|Benzothiazolone|3H-1,3-benzothiazol-2-one",152.017,tirewear product,urban,benzothiazole,,,,,,,,,,,,
triethyl citrate,"MassbankEU:SM878101 Triethylcitrate|triethyl 2-hydroxypropane-1,2,3-tricarboxylate",277.128,plasticizer,urban,citrate,,,,,,,,,,,,
2-mercaptobenzothiazole,"MassbankEU:SM878502 2-Mercaptobenzothiazole|3H-1,3-benzothiazole-2-thione",167.994,rubber,urban,benzothiazole,,,,,,,,,,,,
triphenyl phosphate,MassbankEU:SM879502 Triphenylphosphate|Triphenyl phosphate,327.078,plasticizer and flame retardant,urban,organophosphate,,,,,,,,,,,,
diphenyl phosphate,MassbankEU:SM881501 Diphenylphosphate|Diphenyl hydrogen phosphate,251.047,flame retardant,urban,organophosphate,,,,,,,,,,,,
2-benzothiazolesulfonic acid,"MassbankEU:SM882601 2-Benzothiazolesulfonic acid|Benzothiazole-2-sulfonic acid|1,3-benzothiazole-2-sulfonic acid",,rubber,urban,thiazole,,,,,,,,,,,,
triethylphosphate,MassbankEU:SM883101 Triethylphosphate|Triethyl phosphate,183.078,flame retardant,urban,organophosphate,,,,,,,,,,,,
bis(2-ethylhexyl)phosphate,MassbankEU:SM883301 Bis(2-ethylhexyl)phosphate|Bis(2-ethylhexyl) hydrogen phosphate,323.235,plasticizer,urban,organophosphate,,,,,,,,,,,,
2-(4-morpholinyl)benzothiazole,"MassbankEU:SM884101 2-(4-Morpholinyl)benzothiazole|4-(1,3-benzothiazol-2-yl)morpholine",221.074,tirewear product,urban,benzothiazole,,,,,,,,,,,,
N-cyclohexyl-2-benzothiazol-amine,"MassbankEU:SM884701 N-Cyclohexyl-2-benzothiazol-amine|N-cyclohexyl-1,3-benzothiazol-2-amine",,rubber production,urban,thiazole,,,,,,,,,,,,
Menthone,Menthone,155.143,,NP,,,,,,,,,,,,,
,"Mercaptopurine - This annotation is incorrect. Unless it is low res. Plus precursor mass doesn't match, incl. -OH or M+H2O+H",,,unknown,,,,,,,,,,,,,
metalaxyl,metalaxyl,280.155,fungicide,pesticide,acylalanine,,,,,,,,,,,,
methadone,Methadone,,opiod analgesic,drug,bisphenol,,,,,,,,,,,,
,"Methyl (5.xi.)-15-hydroxyabieta-8,11,13-trien-18-oate",,,NP,,,,,,,,,,,,,
,"Methyl (9Z,14Z)-12,13,16-trihydroxyoctadeca-9,14-dienoate",307.227,,unknown,,,,,,,,,,,,,
,Methyl .alpha.-D-mannopyranoside,,,NP,,,,,,,,,,,,,
,"methyl 19-hydroxy-14,18-dimethyl-12-azahexacyclo[10.6.1.1�,?.0�?,�?.0�?,�?.0?,�?]icosa-3,7(20)-diene-3-carboxylate",,,unknown,,,,,,,,,,,,,
,Methyl deoxycholate,,,NP,,,,,,,,,,,,,
,METHYL STEARATE,316.321,,NP,,,,,,,,,,,,,
,Methyl-Domoic Acid,,,NP,,,,,,,,,,,,,
,Met-Phe,,,NP,,,,,,,,,,,,,
,Met-Pro,,,NP,,,,,,,,,,,,,
,MGDG (14:0/16:1),,,NP,,,,,,,,,,,,,
,MGDG (14:0/18:3),,,NP,,,,,,,,,,,,,
,MGDG (14:0/18:4),,,NP,,,,,,,,,,,,,
,MGDG (14:1/16:1),,,NP,,,,,,,,,,,,,
,MGDG (18:4/18:5),,,NP,,,,,,,,,,,,,
,MGDG(16:4/18:3); [M+NH4]+ C43H72N1O10,,,NP,,,,,,,,,,,,,
minoxidil,minoxidil,,antihairloss product,drug,pyrimidine,,,,,,,,,,,,
misoprostol,misoprostol,,ulcers,drug,prostaglandin analog,,,,,,,,,,,,
,Modiolide A,,,NP,,,,,,,,,,,,,
valsartan acid,MoNA:1041730 Valsartan acid,,metbaolite of valsatan antihypertensive,drug,biphenyl,,,,,,,,,,,,
atazanavir,MoNA:606013 Atazanavir,705.398,ARV,drug,oligopeptide,,,,,,,,,,,,
metalaxyl acid,"MoNA:737183 CGA62826 (2-[2,6-dimethylphenyl)-methoxyacetylamino]propionic acid",,metabolite of metalaxyl ,pesticide,N-acyl-amino acid,,,,,,,,,,,,
2-methylmercaptobenzothiazole,MoNA:924541 2-Methylmercaptobenzothiazole,,rubber component,urban,benzothiazole,,,,,,,,,,,,
dimethyl phthalate,MoNA:959007 Dimethyl Phthalate,,plasticizer,urban,phthalate,,,,,,,,,,,,
monensin,Monensin [M+NH4]+,688.464,also a natural product,drug,polyketide,,,,,,,,,,,,
mono-2-ethylhexyl phthalate,Mono-2-ethylhexyl phthalate,,plasticizer,urban,phthalate,,,,,,,,,,,,
,Monoerucin,,,NP,,,,,,,,,,,,,
monoethyl phthalate,Monoethyl phthalate,177.055,"degradation product of Diethylphthalate, PCP",urban,phthalate,,,,,,,,,,,,
,Monopalmitolein (9c),,,NP,,,,,,,,,,,,,
,MORPHERIDINE,,,unknown,,,,,,,,,,,,,
,MS_Contaminant_Sodium_Formate_Cluster,,,unknown,,,,,,,,,,,,,
,Muscone,,,NP,,,,,,,,,,,,,
myristamine oxide,Myristamine oxide,258.279,surfactant,urban,surfactant,,,,,,,,,,,,
,N-((2-Hydroxy-3-oxo-2-(pent-2-en-1-yl)cyclopentyl)acetyl)isoleucine,,,NP,,,,,,,,,,,,,
,"N-(4-Methylphenyl)-1,3-benzothiazol-2-amine",,,,,,,,,,,,,,,,
"n,n-bis(2-hydroxyethyl)dodecanamide","N,N-Bis(2-hydroxyethyl)dodecanamide",288.253,used in cosmetics,urban,surfactant,,,,,,,,,,,,
,"N,N'-Diacetylchitobiose",,,NP,,,,,,,,,,,,,
"n,n-dibenzylacetamide","N,N-Dibenzylacetamide",240.138,resind and plastics,urban,acetamide,,,,,,,,,,,,
"n,n-dibenzylbenzamide","N,N-Dibenzylbenzamide",,,urban,,,,,,,,,,,,,
"N,N'-dicyclohexyl-N-methylurea","N,N'-Dicyclohexyl-N-methylurea",,rubber,urban,guanidino,,,,,,,,,,,,
"N,N-dicyclohexyl-N'-phenylurea","N,N-Dicyclohexyl-N'-phenylurea",219.149,rubber,urban,guanidino,,,,,,,,,,,,
lauramine oxide,"N,N-Dimethyldodecylamine N-oxide",230.248,surfactant,urban,surfactant,,,,,,,,,,,,
,"N,N-Dimethylsphingosine",,,NP,,,,,,,,,,,,,
N-[3-(dimethylamino)propyl]tetradecanamide,N-[3-(Dimethylamino)propyl]tetradecanamide,,surfactant,urban,surfactant,,,,,,,,,,,,
,N-Acetyl-D-galactosaminitol,,,NP,,,,,,,,,,,,,
n-acetylsulfamethoxazole,N-Acetylsulfamethoxazole,296.07,antibiotic,drug,sulfamethoxazole,,,,,,,,,,,,
,Nardosinon,175.112,,NP,,,,,,,,,,,,,
,N-Benzoyl-DL-leucine,190.123,,unknown,,,,,,,,,,,,,
N-butylbenzenesulfonamide,N-Butylbenzenesulfonamide,214.09,plasticizer,urban,sulfonamide,,,,,,,,,,,,
N-(1-hydroxy-3-phenylpropan-2-yl)benzamide,NCGC00170025-02!N-(1-hydroxy-3-phenylpropan-2-yl)benzamide [IIN-based: Match],256.133,,NP,,,,,,,,,,,,,
,"NCGC00178646-02!2,4-dihydroxyheptadecyl acetate [IIN-based: Match]",,,unknown,,,,,,,,,,,,,
,"NCGC00180744-03_C19H24O6_Naphtho[2,3-b]furan-9(4H)-one, 4,8-bis(acetyloxy)-4a,5,6,7,8,8a-hexahydro-3,4a,5-trimethyl-, (4S,4aR,5S,8S,8aS)-",331.154,,unknown,,,,,,,,,,,,,
,NCGC00384799-01,332.185,,unknown,,,,,,,,,,,,,
,"NCGC00385199-01!2-[3,4-bis[[(2S,3R,4S,5S,6R)-3,4,5-trihydroxy-6-(hydroxymethyl)oxan-2-yl]oxy]phenyl]-5,7-dihydroxychromen-4-one",628.188,,unknown,,,,,,,,,,,,,
,NCGC00385873-01,284.185,,unknown,,,,,,,,,,,,,
,"N-Cyclohexyl-2,2-diphenylacetamide",212.107,,unknown,,,,,,,,,,,,,
N-cyclohexyl-2-benzothiazol-amine,N-Cyclohexyl-2-benzothiazol-amine,233.111,tire wear,urban,benzothiazole,,,,,,,,,,,,
,N-Cyclohexylcyclohexanecarboxamide,210.185,could be of anthropogenic origin,unknown,,,,,,,,,,,,,
"n-decyl-n,n-dimethyl-1-decanaminium","N-Decyl-N,N-dimethyl-1-decanaminium cation",298.347,surfactant,urban,surfactant,,,,,,,,,,,,
N-ethyl-o-toluenesulfonamide,N-ethyl-o-toluenesulfonamide,,plasticizer,urban,sulfonamide,,,,,,,,,,,,
N-ethyl-o-toluenesulfonamide,N-Ethyl-o-toluenesulfonamide,,plasticizer,urban,sulfonamide,,,,,,,,,,,,
nicotine N-beta-D-glucuronide,Nicotine N-.beta.-D-glucuronide,,nicotine metabolite,urban,glucuronide,,,,,,,,,,,,
n-isopropylbenzenesulfonamide,N-Isopropylbenzenesulfonamide,158.027,plasticizer and drug precursor,urban,sulfonamide,,,,,,,,,,,,
,N-L-.gamma.-Glutamyl-L-leucine,,,NP,,,,,,,,,,,,,
Nodularin R,Nodularin R,825.451,blue green alga,NP,,,,,,,,,,,,,
nonapropylene glycol,Nonapropylene glycol,541.395,surfactant,urban,glycol,,,,,,,,,,,,
nonapropylene glycol monobutyl ether,Nonapropylene glycol monobutyl ether,597.458,surfactant,urban,glycol,,,,,,,,,,,,
nonoxynol-9,Nonoxynol-9,634.447,surfactant,urban,glycol,,,,,,,,,,,,
nortriptyline,Nortriptyline,,antidepressant,drug,benzocycloheptene,,,,,,,,,,,,
n-phenyl-1-naphthylamine,N-Phenyl-1-naphthylamine,220.112,rubber antioxidant,urban,naphtalene,,,,,,,,,,,,
n-phenyl-1-naphthylamine,N-phenyl-1-naphthylamine,220.112,rubber antioxidant,urban,naphtalene,,,,,,,,,,,,
,NPS-2143 (Chimeric precursor selection),,,unknown,,,,,,,,,,,,,
,n-tert-butyl-alpha-phenylnitrone,178.123,research chemical,unknown,,,,,,,,,,,,,
octamethylcyclotetrasiloxane,Octamethylcyclotetrasiloxane,297.082,plastics rubber paint,urban,siloxane,,,,,,,,,,,,
octapropylene glycol,Octapropylene glycol,483.353,surfactant,urban,glycol,,,,,,,,,,,,
octapropylene glycol monobutyl ether,Octapropylene glycol monobutyl ether,539.415,surfactant,urban,glycol,,,,,,,,,,,,
octinoxate,Octinoxate,291.195,sunscreen,urban,cinnamate,,,,,,,,,,,,
Oleic acid methyl ester,Oleic acid methyl ester,297.279,,NP,,,,,,,,,,,,,
oxaceprol,Oxaceprol,174.076,antiinflammatory,drug,alkaloid,,,,,,,,,,,,
oxybenzone,Oxybenzone,229.086,sunscreen,urban,benzophenone,,,,,,,,,,,,
oxyphenonium,oxyphenonium,,anticholinergic,drug,amine,,,,,,,,,,,,
"p,p'-ditolylamine","p,p'-Ditolylamine",,"plastic, rubber, flame retardant",urban,benzenoid,,,,,,,,,,,,
Pachypodol,Pachypodol,345.097,,NP,,,,,,,,,,,,,
,Palythene,,,NP,,,,,,,,,,,,,
,Palythine,,,NP,,,,,,,,,,,,,
,Panaxatriol,,,NP,,,,,,,,,,,,,
,Panglimycin C,,,NP,,,,,,,,,,,,,
,Parthenolide [M+NH4]+,266.175,,NP,,,,,,,,,,,,,
,PC(0:0/20:4); [M+H]+ C28H51N1O7P1,,,NP,,,,,,,,,,,,,
,PC(18:2/0:0); [M+H]+ C26H51N1O7P1,,,NP,,,,,,,,,,,,,
,PC(18:3/0:0); [M+H]+ C26H49N1O7P1,,,NP,,,,,,,,,,,,,
,PC(20:3/0:0); [M+H]+ C28H53N1O7P1,,,NP,,,,,,,,,,,,,
,PC(20:5/0:0); [M+H]+ C28H49N1O7P1,,,NP,,,,,,,,,,,,,
,PC(22:6/0:0); [M+H]+ C30H51N1O7P1,,,NP,,,,,,,,,,,,,
,PC(O-18:1/0:0); [M+H]+ C26H55N1O6P1,,,NP,,,,,,,,,,,,,
p-coumaric acid,p-coumaric acid CollisionEnergy:205060,165.055,,NP,,,,,,,,,,,,,
Methyl 3-[4-[3-(trifluoromethylsulfanyl)phenyl]piperazin-1-yl]propanoate,PD160134,371.101,research chemical,unknown,,,,,,,,,,,,,
,PD162835,,,unknown,,,,,,,,,,,,,
,PE(16:1/0:0); [M+H]+ C21H43N1O7P1,,,NP,,,,,,,,,,,,,
,PE(16:1/16:1); [M+H]+ C37H71N1O8P1,,,NP,,,,,,,,,,,,,
,PE(16:1/18:1); [M+H]+ C39H75N1O8P1,,,NP,,,,,,,,,,,,,
,PE(18:2/0:0); [M+H]+ C23H45N1O7P1,,,NP,,,,,,,,,,,,,
,PE(20:4/0:0); [M+H]+ C25H45N1O7P1,,,NP,,,,,,,,,,,,,
,PE(22:6/0:0); [M+H]+ C27H45N1O7P1,,,NP,,,,,,,,,,,,,
,PE-DAG (16:0/16:1),,,NP,,,,,,,,,,,,,
pentaethylene glycol,Pentaethylene glycol,239.149,surfactant,urban,glycol,,,,,,,,,,,,
pergolide sulfone,Pergolide sulfone,,antiparkinson metabolite,drug,ergoline,,,,,,,,,,,,
imazalil,Pesticide4_Imazalil_C14H14Cl2N2O_Freshgard,297.055,fungicide,pesticide,chlorinated benzenoid,,,,,,,,,,,,
thiabendazole,Pesticide5_Thiabendazole_C10H7N3S_2-(4-Thiazoly)benzimidazole,202.043,fungicide,pesticide,thiazole,,,,,,,,,,,,
Petasol,Petasol,235.169,,NP,,,,,,,,,,,,,
,PG(16:0_0:0) - 2-hydroxy-3-(2-hydroxyacetoxy)propyl palmitate,,,NP,,,,,,,,,,,,,
phenyl salicylate,Phenyl salicylate,,sunscreen,urban,benzoate,,,,,,,,,,,,
,phenylacetylglutamine,,,NP,,,,,,,,,,,,,
,Phenylalanine,,,NP,,,,,,,,,,,,,
phenylbenzimidazole sulfonic acid,Phenylbenzimidazole sulfonic acid,,sunscreen,urban,sulfonic acid,,,,,,,,,,,,
,Pheophorbide a,,,NP,,,,,,,,,,,,,
,Pheophytin a,,,NP,,,,,,,,,,,,,
,Phe-Phe,,,NP,,,,,,,,,,,,,
pholedrine,Pholedrine,166.123,sympathomimetic drug,drug,phenol,,,,,,,,,,,,
butylbenzyl phthalate,Phthals?_urebenzbutylester,,plasticizer,urban,phthalate,,,,,,,,,,,,
pirogliride,Pirogliride,293.174,antidiabetic with not much info,unknown,pyrrolidine,,,,,,,,,,,,
polidocanol,Polidocanol,,varicose veins,drug,glycol,,,,,,,,,,,,
Polyporic acid,Polyporic acid,626.179,,NP,,,,,,,,,,,,,
,Portimine A,,,NP,,,,,,,,,,,,,
pranolium,pranolium,311.185,blood pressure,drug,naphtalene,,,,,,,,,,,,
prilocaine,prilocaine,203.154,anesthetic and anticonvulsant,drug,anilide,,,,,,,,,,,,
,Propanoylcarnitine,,,NP,,,,,,,,,,,,,
,Prostaglandin A1 ethyl ester,,,NP,,,,,,,,,,,,,
,Prostaglandin D1 alcohol,,,NP,,,,,,,,,,,,,
,Prostaglandin E2,,,NP,,,,,,,,,,,,,
,Prostaglandin E2 ethanolamide,,,NP,,,,,,,,,,,,,
,Prostaglandin H1,,,NP,,,,,,,,,,,,,
pyrimethanil,Pyrimethanil,200.118,fungicide,pesticide,pyrimidine,,,,,,,,,,,,
,PyroGlu-Val,,,NP,,,,,,,,,,,,,
,Pyropheophorbide a,,,NP,,,,,,,,,,,,,
,"Quinoline-2,8-diol",162.055,,NP,,,,,,,,,,,,,
rhodamine B,Rhodamine B cation,443.232,dye that is amongst other things added to herbicides,urban,xanthene,,,,,,,,,,,,
,Riboflavin,,,NP,,,,,,,,,,,,,
,Ricinine,,,NP,,,,,,,,,,,,,
ridogrel,RIDOGREL,,blood thinner,drug,valerate,,,,,,,,,,,,
rimantadine,Rimantadine,,antiviral,drug,adamantane,,,,,,,,,,,,
Rivenprost,Rivenprost,217.107,experimental drug,unknown,,,,,,,,,,,,,
,SCHEMBL658597,,,unknown,,,,,,,,,,,,,
,Sclareol,,,NP,,,,,,,,,,,,,
,Sclareolide,,,NP,,,,,,,,,,,,,
,Sedanolide,,,NP,,,,,,,,,,,,,
,Ser-Leu,,,NP,,,,,,,,,,,,,
,Ser-Phe,,,NP,,,,,,,,,,,,,
,Shinorine,,,NP,,,,,,,,,,,,,
simeton,Simeton,,,pesticide,triazine,,,,,,,,,,,,
,Smenamide A,,,NP,,,,,,,,,,,,,
,Smenathiazole A,,,NP,,,,,,,,,,,,,
,Smenathiazole B,,,NP,,,,,,,,,,,,,
,Sodium Formate,,,unknown,,,,,,,,,,,,,
tetradecyl sulfate,Sodium Tetradecyl Sulfate,,surfactant,urban,surfactant,,,,,,,,,,,,
Sofigatran,Sofigatran,476.307,experimental drug,unknown,,,,,,,,,,,,,
Sorbicillin,Sorbicillin,215.107,,NP,,,,,,,,,,,,,
sorbitane monooleate,Sorbitane Monooleate - Polysorbate 20 in-source fragment,428.374,surfactant,urban,surfactant,,,,,,,,,,,,
sorbitane monopalmitate,Sorbitane Monopalmitate - Polysorbate 40 in-source fragment,402.358,emulsifier and lubricant,urban,surfactant,,,,,,,,,,,,
sorbitane monostearate,Sorbitane Monostearate - Polysorbate 60 in-source fragment,430.39,food additive and versatile chemical,urban,surfactant,,,,,,,,,,,,
,"Spectral Match to (.+/-.)-8-Hydroxy-5Z,9E,11Z,14Z,17Z-eicosapentaenoic acid from NIST14",,,NP,,,,,,,,,,,,,
,"Spectral Match to (Z,E)-Tetradeca-9,12-dienol from NIST14",,,NP,,,,,,,,,,,,,
,Spectral Match to 1-(9Z-Octadecenoyl)-sn-glycero-3-phosphoethanolamine from NIST14,,,NP,,,,,,,,,,,,,
,Spectral Match to 12(13)-Epoxy-9Z-octadecenoic acid from NIST14,,,NP,,,,,,,,,,,,,
,Spectral Match to 12-Ketodeoxycholic acid from NIST14,,,NP,,,,,,,,,,,,,
,"Spectral Match to 13-Docosenamide, (Z)- from NIST14",,,NP,,,,,,,,,,,,,
,"Spectral Match to 13-Keto-9Z,11E-octadecadienoic acid from NIST14",,,NP,,,,,,,,,,,,,
,Spectral Match to 19(20)-EpDPE from NIST14,,,NP,,,,,,,,,,,,,
,Spectral Match to 1-Heptadecanoyl-sn-glycero-3-phosphocholine from NIST14,,,NP,,,,,,,,,,,,,
,Spectral Match to 1-Hexadecanoyl-sn-glycero-3-phosphocholine from NIST14,,,NP,,,,,,,,,,,,,
,Spectral Match to 1-Hexadecanoyl-sn-glycerol from NIST14,,,NP,,,,,,,,,,,,,
1-hexadecylpyridinium,Spectral Match to 1-Hexadecylpyridinium from NIST14,,antiseptic,urban,surfactant,,,,,,,,,,,,
,Spectral Match to 1-Hexadecyl-sn-glycero-3-phosphocholine from NIST14,,,NP,,,,,,,,,,,,,
,Spectral Match to 1-Myristoyl-sn-glycero-3-phosphocholine from NIST14,,,NP,,,,,,,,,,,,,
,Spectral Match to 1-Palmitoyl-2-hydroxy-sn-glycero-3-phosphoethanolamine from NIST14,,,NP,,,,,,,,,,,,,
,Spectral Match to 1-Pentadecanoyl-sn-glycero-3-phosphocholine from NIST14,,,NP,,,,,,,,,,,,,
,Spectral Match to 1-Stearoyl-2-hydroxy-sn-glycero-3-phosphocholine from NIST14,,,NP,,,,,,,,,,,,,
"2,4,7,9-tetramethyl-5-decyne-4,7-diol","Spectral Match to 2,4,7,9-Tetramethyl-5-decyne-4,7-diol from NIST14",,coatings,urban,diol,,,,,,,,,,,,
"2,6-di-tert-butyl-4-hydroxymethylphenol","Spectral Match to 2,6-Di-tert-butyl-4-hydroxymethylphenol from NIST14",,antioxidant in plastics,urban,cresol,,,,,,,,,,,,
dihydro-?-ionone,"Spectral Match to 2-Butanone, 4-(2,6,6-trimethyl-2-cyclohexen-1-yl)- from NIST14",,fragrance,urban,cyclohexane,,,,,,,,,,,,
"4-(tert-butylamino)-6-ethylamino-5h-1,3,5-triazin-2-one","Spectral Match to 4-(tert-Butylamino)-6-ethylamino-5H-1,3,5-triazin-2-one from NIST14",212.15,resins,urban,triazine,,,,,,,,,,,,
,"Spectral Match to 9-Octadecenamide, (Z)- from NIST14",,,NP,,,,,,,,,,,,,
,"Spectral Match to 9Z,11E,13E-Octadecatrienoic acid methyl ester from NIST14",,,NP,,,,,,,,,,,,,
,Spectral Match to Asn-Phe from NIST14,,,NP,,,,,,,,,,,,,
azithromycin,Spectral Match to Azithromycin from NIST14,,antibiotic,drug,macrolide,,,,,,,,,,,,
benzoylecgonine,Spectral Match to Benzoylecgonine from NIST14,290.139,stimulant,drug,alkaloid,,,,,,,,,,,,
benzyltetradecyldimethyl ammonium,Spectral Match to Benzyltetradecyldimethylammonium from NIST14,332.331,"surfactant, corrosion inhibitor",urban,surfactant,,,,,,,,,,,,
bis(2-ethylhexyl) phthalate,Spectral Match to Bis(2-ethylhexyl) phthalate from NIST14,391.285,plastics,urban,phthalate,,,,,,,,,,,,
,"Spectral Match to Cholesta-4,6-dien-3-one from NIST14",,,NP,,,,,,,,,,,,,
,Spectral Match to Cholic acid from NIST14,,,NP,,,,,,,,,,,,,
CMPF,Spectral Match to CMPF from METLIN,241.107,human metabolite,NP,,,,,,,,,,,,,
"cyclotetrasiloxane, octamethyl-","Spectral Match to Cyclotetrasiloxane, octamethyl- from NIST14",,conditioner,urban,siloxane,,,,,,,,,,,,
decaethylene glycol,Spectral Match to Decaethylene glycol from NIST14,459.28,surfactant and emulsifier,urban,glycol,,,,,,,,,,,,
"decynediol, tetramethyl, di(2-hydroxyethyl) ether","Spectral Match to Decynediol, tetramethyl, di(2-hydroxyethyl) ether from NIST14",,surfactant,urban,surfactant,,,,,,,,,,,,
dibutyl adipate,Spectral Match to Dibutyl adipate from NIST14,,plasticizer,urban,adipate,,,,,,,,,,,,
dibutyl phthalate,Spectral Match to Dibutyl phthalate from NIST14,,plasticizer,urban,phthalate,,,,,,,,,,,,
"didodecyl 3,3'-thiodipropionate oxide","Spectral Match to Didodecyl 3,3'-thiodipropionate oxide from NIST14",,plastic stabilizer,urban,propionate,,,,,,,,,,,,
diethyl phthalate,Spectral Match to Diethyl phthalate from NIST14,223.096,plasticizer,urban,phthalate,,,,,,,,,,,,
dimethyldioctadecylammonium,Spectral Match to Dimethyldioctadecylammonium cation from NIST14,,surfactant,urban,surfactant,,,,,,,,,,,,
docusate,Spectral Match to Dioctyl sulfosuccinate from NIST14,467.205,additive and laxative,urban,sulfoxide,,,,,,,,,,,,
,Spectral Match to DL-Phenylalanine from NIST14,166.086,,NP,,,,,,,,,,,,,
"ethanol, 2-(2-butoxyethoxy)-","Spectral Match to Ethanol, 2-(2-butoxyethoxy)- from NIST14",,solvent,urban,glycol,,,,,,,,,,,,
,Spectral Match to Glu Phe from METLIN,,,NP,,,,,,,,,,,,,
,Spectral Match to Glycerol 1-myristate from NIST14,,,NP,,,,,,,,,,,,,
,Spectral Match to Hemin cation from NIST14,,,NP,,,,,,,,,,,,,
"hexanedioic acid, bis(2-ethylhexyl) ester","Spectral Match to Hexanedioic acid, bis(2-ethylhexyl) ester from NIST14",,plasticizer,urban,adipate,,,,,,,,,,,,
,Spectral Match to Ile-Arg from NIST14,,,NP,,,,,,,,,,,,,
,Spectral Match to Ile-Met from NIST14,,,NP,,,,,,,,,,,,,
,Spectral Match to Ile-Pro from NIST14,,,NP,,,,,,,,,,,,,
,Spectral Match to Ile-Tyr from NIST14,,,NP,,,,,,,,,,,,,
,Spectral Match to Ile-Val-Lys from NIST14,,,NP,,,,,,,,,,,,,
,Spectral Match to Isomyristic acid from NIST14,,,NP,,,,,,,,,,,,,
,Spectral Match to Lauric acid leelamide from NIST14,,,unknown,,,,,,,,,,,,,
,Spectral Match to Leu-Ile from NIST14,,,NP,,,,,,,,,,,,,
,Spectral Match to Leu-Trp from NIST14,,,NP,,,,,,,,,,,,,
,Spectral Match to Leu-Val from NIST14,,,NP,,,,,,,,,,,,,
,Spectral Match to L-Tryptophan from NIST14,,,NP,,,,,,,,,,,,,
,Spectral Match to L-Tyrosine from NIST14,,,NP,,,,,,,,,,,,,
,Spectral Match to Lys-Ile from NIST14,,,NP,,,,,,,,,,,,,
,Spectral Match to Lyso-PC(16:0) from NIST14,,,NP,,,,,,,,,,,,,
,Spectral Match to Methyl hexadecanoate from NIST14,,,NP,,,,,,,,,,,,,
minoxidil,Spectral Match to Minoxidil from NIST14,,antihairloss product,drug,pyrimidine,,,,,,,,,,,,
monensin,Spectral Match to Monensin from NIST14,693.419,antibiotic for livestock,drug,polyketide,,,,,,,,,,,,
Monolauryl phosphate,Spectral Match to Monolauryl phosphate from NIST14,533.337,surfactant,urban,organophosphate,,,,,,,,,,,,
nalidixic acid,Spectral Match to Nalidixic acid from NIST14,233.081,antibiotic,drug,"1,8-Naphthyridine",,,,,,,,,,,,
nonaethylene glycol,Spectral Match to Nonaethylene glycol from NIST14,415.254,PCP and plastics,urban,glycol,,,,,,,,,,,,
,Spectral Match to Palmitamide from NIST14,,,NP,,,,,,,,,,,,,
,Spectral Match to Palmitelaidic acid from NIST14,,,NP,,,,,,,,,,,,,
phenolphthalein,Spectral Match to Phenolphthalein from NIST14,319.097,laxative,drug,phenol,,,,,,,,,,,,
phenyl-p-tolyl-amine,Spectral Match to Phenyl-p-tolyl-amine from NIST14,184.112,antioxidant in rubber,urban,benzenoid,,,,,,,,,,,,
,Spectral Match to Piperine from NIST14,,,NP,,,,,,,,,,,,,
p-tert-octylphenol heptaglycol ether,Spectral Match to p-tert-Octylphenol heptaglycol ether from NIST14,,plasticizer,urban,glycol,,,,,,,,,,,,
p-tert-octylphenol hexaglycol ether,Spectral Match to p-tert-Octylphenol hexaglycol ether from NIST14,,detergent,urban,glycol,,,,,,,,,,,,
p-tert-octylphenol pentaglycol ether,Spectral Match to p-tert-Octylphenol pentaglycol ether from NIST14,,plasticizer,urban,glycol,,,,,,,,,,,,
p-tert-octylphenol tetraglycol ether,Spectral Match to p-tert-Octylphenol tetraglycol ether from NIST14,,plasticizer,urban,glycol,,,,,,,,,,,,
sulfadimethoxine,Spectral Match to Sulfadimethoxine from NIST14,,antibiotic,drug,sulfonamide,,,,,,,,,,,,
tetrabutylammonium,Spectral Match to Tetrabutylammonium from NIST14,,surfactant,urban,surfactant,,,,,,,,,,,,
,Spectral Match to Thr-Val-Leu from NIST14,,,NP,,,,,,,,,,,,,
triethyl citrate,Spectral Match to Triethyl citrate from NIST14,,plastics and others,urban,citrate,,,,,,,,,,,,
triphenylphosphine oxide,Spectral Match to Triphenylphosphine oxide from NIST14,,flame retardant,urban,organophosphate,,,,,,,,,,,,
tris(2-butoxyethyl) phosphate,Spectral Match to Tris(2-butoxyethyl) phosphate from NIST14,,flame retardant,urban,organophosphate,,,,,,,,,,,,
undecaethylene glycol,Spectral Match to Undecaethylene glycol from NIST14,503.306,surfactant,urban,glycol,,,,,,,,,,,,
,Spectral Match to Urobilin from NIST14,,,NP,,,,,,,,,,,,,
spiroxamine ketone,Spiroxamine ketone,155.143,fungicide,drug,spiro,,,,,,,,,,,,
spiroxamine ketone,spiroxamine ketone,155.143,fungicide,drug,spiro,,,,,,,,,,,,
,Sporidesmolide_II_28401_dereplictor_pv_2.5459e-19,,,NP,,,,,,,,,,,,,
,Stearamide,,,NP,,,,,,,,,,,,,
,Stercobilin,,,NP,,,,,,,,,,,,,
,Steviol,,,NP,,,,,,,,,,,,,
sulfachloropyridazine,Sulfachloropyridazine,,antibiotic,drug,sulfonamide,,,,,,,,,,,,
sulfamethazine,sulfamethazine,279.091,antibiotic,drug,sulfonamide,,,,,,,,,,,,
sulfamethizole,Sulfamethizole,,antibiotic,drug,sulfonamide,,,,,,,,,,,,
sulfamethizole,sulfamethizole,,antibiotic,drug,sulfonamide,,,,,,,,,,,,
sulpiride,SULPIRIDE,,antipsychotic,drug,sulfonamide,,,,,,,,,,,,
Sydonol,Sydonol,217.159,fungal,NP,,,,,,,,,,,,,
Tagitinin C,Tagitinin C,261.112,,NP,,,,,,,,,,,,,
,Tau-C15:1,,,NP,,,,,,,,,,,,,
,TAUROCHOLIC ACID,,,NP,,,,,,,,,,,,,
,taurocholic acid,,,NP,,,,,,,,,,,,,
,TAUROURSODEOXYCHOLIC ACID,,,NP,,,,,,,,,,,,,
,tauroursodeoxycholic acid,,,NP,,,,,,,,,,,,,
,Tauroursodeoxycholic acid - 40.0 eV,,,NP,,,,,,,,,,,,,
terbumeton,Terbumeton,,herbicide,pesticide,triazine,,,,,,,,,,,,
,terguride,663.448,prolactin inhibitor approved in Japan but not US or EU,unknown,,,,,,,,,,,,,
,"tert-Butyl 11-oxo-2,3,6,7-tetrahydro-1H,5H,11H-pyrano[2,3-f]pyrido[3,2,1-ij]quinoline-10-carboxylate",,,unknown,,,,,,,,,,,,,"Bisphenol A bis(2,3-dihydroxypropyl) ether"
tetra(methoxymethyl)melamine,tetra(methoxymethyl)melamine (putative),303.178,resins,urban,triazine,,,,,,,,,,,,"1,3-Bis(4-methylphenyl)urea"
tetrabutylammonium,Tetrabutylammonium cation,242.284,used in plastics amongs others,urban,surfactant,,,,,,,,,,,,Methadone
,Tetradecanedioic acid,,,NP,,,,,,,,,,,,,Ametryne
,Tetradecanoic acid,,,NP,,,,,,,,,,,,,3-(Diphenylphosphoryl)propanoic acid
tetraethylene glycol,Tetraethylene glycol,,plasticizer,urban,glycol,,,,,,,,,,,,"2-Methylnaphtho[2,1-d][1,3]oxazole"
tetraethylene glycol monomethyl ether,Tetraethylene glycol monomethyl ether,209.138,surfactant and solvent,urban,glycol,,,,,,,,,,,,3-{4-[(Phenylcarbonyl)amino]phenyl}propanoic acid
dihydrobupropion,threo-Dihydrobupropion,,metabolite of bupropion antidepressant,drug,propiophenone,,,,,,,,,,,,"N-(4-Methylphenyl)-1,3-benzothiazol-2-amine"
,Thr-Gly,267.134,,NP,,,,,,,,,,,,,Triethyl phosphate
,Thr-Phe,,,NP,,,,,,,,,,,,,Efavirenz
,Timosaponin B II,,,NP,,,,,,,,,,,,,.alpha.-Hydroxymetoprolol
TOFA,TOFA,,"used in the production of alkyd resins, lubricants, industrial cleaners, and surfactants",urban,furoic acid,,,,,,,,,,,,Cyclooctatin
Tourneforin,Tourneforin,159.117,,NP,,,,,,,,,,,,,Diethyl phthalate
,trans-Vaccenic acid,,,NP,,,,,,,,,,,,,17.beta.-Carboxy-17.alpha.-formyloxydexamethasone
,trans-Zeatin,,,NP,,,,,,,,,,,,,"Massbank:EA267601 Lamotrigine|6-(2,3-dichlorophenyl)-1,2,4-triazine-3,5-diamine"
tri(3-chloropropyl) phosphate,Tri(3-chloropropyl) phosphate,,flame retardant,urban,organophosphate,,,,,,,,,,,,"MassbankEU:SM822301 DEET|N,N-diethyl-3-methylbenzamide"
tributyl phosphate,Tributyl phosphate,,flame retardant,urban,organophosphate,,,,,,,,,,,,"MassbankEU:SM836901 Benzyl butyl phthalate|2-O-benzyl 1-O-butyl benzene-1,2-dicarboxylate|2-O-benzyl 1-O-butyl benzene-1,2-dicarboxylate"
tributylamine,Tributylamine,,solvent,urban,butylamine,,,,,,,,,,,,
tribuzone,Tribuzone,,antiinflammatory that I cant find much about,unknown,pyrazolone,,,,,,,,,,,,
triethyl citrate,Triethyl citrate,,plasticizer,urban,citrate,,,,,,,,,,,,
triethylphosphate,Triethyl phosphate,,flame retardant,urban,organophosphate,,,,,,,,,,,,
triethylene glycol monobutyl ether,Triethylene glycol monobutyl ether,207.159,surfactant in PCPs,urban,glycol,,,,,,,,,,,,
triethylene glycol monomethyl ether,Triethylene glycol monomethyl ether,165.112,surfactant,urban,glycol,,,,,,,,,,,,
trifloxystrobin,Trifloxystrobin,206.081,fungicide,pesticide,fluorinated,,,,,,,,,,,,
tris(1-chloro-2-propyl) phosphate,Tris(1-chloro-2-propyl) phosphate,,flame retardant,urban,organophosphate,,,,,,,,,,,,
tris(2-chloroethyl) phosphate,Tris(2-chloroethyl) phosphate,,flame retardant,urban,organophosphate,,,,,,,,,,,,
tris(2-chloropropyl) phosphate,Tris(2-chloropropyl) phosphate,,flame retardant,urban,organophosphate,,,,,,,,,,,,
,Tuckolide,,,NP,,,,,,,,,,,,,
,Turmeronol A,,,NP,,,,,,,,,,,,,
,Umbralisib,,,unknown,,,,,,,,,,,,,
,Val-Asn,249.127,,NP,,,,,,,,,,,,,
,Val-C5:0,,,NP,,,,,,,,,,,,,
,Val-Met,,,NP,,,,,,,,,,,,,
valsartan,VALSARTAN,436.234,blood pressure,drug,tetrazol,,,,,,,,,,,,
,Val-Trp,,,NP,,,,,,,,,,,,,
,Val-Tyr,304.166,,NP,,,,,,,,,,,,,
,Val-UDCA,,,NP,,,,,,,,,,,,,
,Valylphenylalanine,,,NP,,,,,,,,,,,,,
,vanillin CollisionEnergy:102040,,,NP,,,,,,,,,,,,,
,vanillin CollisionEnergy:205060,,,NP,,,,,,,,,,,,,
,VAPIPROST,,,unknown,,,,,,,,,,,,,
,Vitamin E acetate,,,NP,,,,,,,,,,,,,
vimirogant,VTP-43742,277.127,experimental drug,unknown,,,,,,,,,,,,,
,Z2217324243,295.144,,unknown,,,,,,,,,,,,,
zolpidem phenyl-4-carboxylic acid,Zolpidem phenyl-4-carboxylic acid,,metabolite of zolpidem,drug,pyridine,,,,,,,,,,,,
